id,cwe
3,0
4,0
5,0
6,0
7,0
8,0
9,0
10,0
11,0
12,0
13,0
14,0
15,0
16,0
17,0
18,CWE-22
19,0
20,0
21,0
22,0
23,0
25,CWE-200
26,CWE-78
27,CWE-78
28,CWE-200
30,CWE-200
31,CWE-200
32,CWE-200
33,CWE-200
34,CWE-200
35,CWE-200
36,CWE-200
38,CWE-200
39,CWE-200
40,CWE-200
41,CWE-200
42,CWE-200
43,CWE-200
44,CWE-200
45,CWE-200
46,CWE-200
47,CWE-200
48,CWE-200
49,CWE-200
50,CWE-200
51,CWE-200
52,CWE-200
53,CWE-22
54,CWE-200
55,CWE-200
56,CWE-200
57,CWE-94
58,CWE-94
59,CWE-94
61,CWE-22
62,CWE-22
63,CWE-22
64,CWE-78
65,CWE-78
66,CWE-78
67,CWE-78
68,CWE-78
69,CWE-78
70,CWE-78
71,CWE-78
72,CWE-78
73,CWE-89
80,CWE-200
81,CWE-94
82,CWE-284
83,CWE-200
84,CWE-200
85,CWE-200
86,CWE-200
87,CWE-200
88,CWE-200
89,CWE-209
90,CWE-200
91,CWE-200
92,CWE-200
93,CWE-200
94,CWE-200
95,CWE-200
96,CWE-200
97,CWE-200
98,CWE-200
99,CWE-22
100,CWE-22
101,CWE-22
102,CWE-22
103,CWE-78
104,CWE-78
107,CWE-200
108,CWE-94
109,CWE-284
110,CWE-284
111,CWE-284
112,CWE-284
113,CWE-284
114,CWE-284
115,CWE-284
116,CWE-284
117,CWE-284
118,CWE-284
119,CWE-284
120,CWE-284
121,CWE-200
122,CWE-287
123,CWE-287
124,CWE-200
125,CWE-200
126,CWE-200
127,CWE-200
128,CWE-200
129,CWE-200
130,CWE-200
131,CWE-200
132,CWE-200
133,CWE-200
134,CWE-200
135,CWE-79
136,CWE-79
138,CWE-79
139,CWE-79
140,CWE-79
141,CWE-79
142,CWE-78
143,CWE-78
144,CWE-78
155,CWE-200
156,CWE-16
157,CWE-16
158,CWE-16
159,CWE-16
160,CWE-16
161,CWE-200
162,CWE-284
163,CWE-200
164,CWE-200
165,CWE-200
166,CWE-200
167,CWE-200
168,CWE-200
169,CWE-200
170,CWE-200
171,CWE-200
172,CWE-200
173,CWE-200
174,CWE-200
175,CWE-200
176,CWE-200
177,CWE-200
178,CWE-200
179,CWE-200
180,CWE-552
181,CWE-552
182,CWE-22
183,CWE-78
189,CWE-284
190,CWE-284
191,CWE-284
200,CWE-434
201,CWE-434
202,CWE-434
203,CWE-434
204,CWE-434
205,CWE-434
206,CWE-434
207,CWE-434
208,CWE-434
209,CWE-434
210,CWE-434
211,CWE-200
212,CWE-200
213,CWE-200
214,CWE-284
215,CWE-200
216,CWE-200
217,CWE-200
218,CWE-200
219,CWE-200
220,CWE-200
221,CWE-200
222,CWE-200
223,CWE-200
224,CWE-200
225,CWE-200
226,CWE-200
227,CWE-200
228,CWE-200
229,CWE-200
230,CWE-200
231,CWE-200
232,CWE-200
233,CWE-200
234,CWE-200
235,CWE-200
236,CWE-16
237,CWE-16
238,CWE-16
239,CWE-200
240,CWE-200
241,CWE-200
242,CWE-200
243,CWE-200
244,CWE-200
245,CWE-200
246,CWE-200
247,CWE-200
248,CWE-200
249,CWE-200
250,CWE-200
251,CWE-200
252,CWE-200
253,CWE-78
254,CWE-200
255,CWE-200
256,CWE-200
257,CWE-200
258,CWE-200
259,CWE-200
260,CWE-200
261,CWE-200
262,CWE-200
263,CWE-200
264,CWE-200
265,CWE-200
266,CWE-200
267,CWE-200
268,CWE-200
269,CWE-200
270,CWE-552
272,CWE-200
273,CWE-200
274,CWE-200
275,CWE-200
276,CWE-284
277,CWE-284
278,CWE-200
279,CWE-200
280,CWE-200
281,CWE-200
282,CWE-200
283,CWE-200
284,CWE-200
285,CWE-200
286,CWE-200
288,CWE-200
289,CWE-200
290,CWE-200
291,CWE-200
292,CWE-200
293,CWE-200
294,CWE-200
295,CWE-16
296,CWE-200
297,CWE-200
298,CWE-200
299,CWE-200
300,CWE-200
301,CWE-200
302,CWE-200
303,CWE-200
304,CWE-200
305,CWE-200
306,CWE-200
307,CWE-200
308,CWE-200
309,CWE-200
310,CWE-200
311,CWE-200
312,CWE-200
313,CWE-200
314,CWE-200
315,CWE-200
316,CWE-200
317,CWE-200
318,CWE-200
319,CWE-200
320,CWE-200
321,CWE-200
322,CWE-200
323,CWE-200
324,CWE-200
325,CWE-200
327,CWE-200
328,CWE-200
329,CWE-200
330,CWE-200
331,CWE-79
332,CWE-79
333,CWE-552
335,CWE-22
336,CWE-22
337,CWE-22
338,CWE-22
339,CWE-22
340,CWE-78
341,CWE-78
342,CWE-78
343,CWE-78
344,CWE-78
345,CWE-78
346,CWE-78
347,CWE-78
348,CWE-78
349,CWE-78
350,CWE-78
351,CWE-78
352,CWE-78
353,CWE-287
354,CWE-287
366,CWE-200
367,CWE-200
368,CWE-200
369,CWE-200
370,CWE-200
371,CWE-200
372,CWE-200
373,CWE-200
374,CWE-200
375,CWE-200
376,CWE-200
377,CWE-200
378,CWE-200
379,CWE-200
380,CWE-200
381,CWE-200
382,CWE-200
383,CWE-200
384,CWE-200
385,CWE-200
386,CWE-200
387,CWE-94
388,CWE-200
389,CWE-200
390,CWE-200
391,CWE-200
392,CWE-200
393,CWE-200
394,CWE-200
395,CWE-200
396,CWE-16
397,CWE-16
398,CWE-16
399,CWE-284
400,CWE-16
401,CWE-200
402,CWE-200
403,CWE-200
404,CWE-200
405,CWE-200
406,CWE-200
408,CWE-22
409,CWE-200
410,CWE-200
411,CWE-200
412,CWE-200
413,CWE-200
414,CWE-200
415,CWE-200
416,CWE-200
417,CWE-200
418,CWE-200
419,CWE-200
420,CWE-200
421,CWE-200
422,CWE-200
423,CWE-200
424,CWE-200
425,CWE-200
426,CWE-200
428,CWE-200
431,CWE-200
436,CWE-200
437,CWE-200
438,CWE-200
439,CWE-200
440,CWE-200
441,CWE-200
442,CWE-200
443,CWE-200
444,CWE-200
445,CWE-178
446,CWE-200
447,CWE-200
448,CWE-200
449,CWE-200
450,CWE-200
451,CWE-200
452,CWE-200
453,CWE-200
454,CWE-200
455,CWE-200
456,CWE-200
457,CWE-200
458,CWE-200
459,CWE-200
460,CWE-200
461,CWE-200
462,CWE-200
463,CWE-200
464,CWE-200
465,CWE-200
466,CWE-200
467,CWE-200
468,CWE-200
469,CWE-200
470,CWE-16
471,CWE-200
472,CWE-200
476,CWE-200
480,CWE-922
490,CWE-22
491,CWE-78
492,CWE-78
493,CWE-78
494,CWE-78
495,CWE-78
496,CWE-78
502,CWE-79
503,CWE-78
504,CWE-78
505,CWE-16
506,CWE-552
507,CWE-552
508,CWE-552
509,CWE-552
510,CWE-552
511,CWE-552
512,CWE-552
513,CWE-552
514,CWE-552
515,CWE-552
516,CWE-552
517,CWE-552
518,CWE-552
519,CWE-552
520,CWE-552
521,CWE-552
522,CWE-552
523,CWE-552
524,CWE-552
525,CWE-552
526,CWE-552
527,CWE-552
528,CWE-22
529,CWE-552
530,CWE-552
531,CWE-552
532,CWE-552
533,CWE-552
534,CWE-552
535,CWE-552
536,CWE-552
537,CWE-552
538,CWE-552
539,CWE-552
540,CWE-552
541,CWE-552
542,CWE-552
543,CWE-552
544,CWE-552
545,CWE-552
546,CWE-552
547,CWE-552
548,CWE-552
549,CWE-552
550,CWE-552
551,CWE-552
552,CWE-552
553,CWE-552
554,CWE-552
555,CWE-552
556,CWE-552
557,CWE-552
558,CWE-552
559,CWE-552
560,CWE-552
561,CWE-552
562,CWE-552
563,CWE-552
564,CWE-552
565,CWE-552
566,CWE-552
567,CWE-552
568,CWE-552
569,CWE-552
570,CWE-552
571,CWE-552
572,CWE-552
573,CWE-552
574,CWE-552
575,CWE-552
576,CWE-552
577,CWE-552
578,CWE-552
579,CWE-552
580,CWE-552
581,CWE-552
582,CWE-552
583,CWE-552
584,CWE-552
585,CWE-552
586,CWE-552
587,CWE-552
588,CWE-552
589,CWE-552
590,CWE-552
591,CWE-552
592,CWE-552
593,CWE-22
594,CWE-552
595,CWE-552
596,CWE-552
597,CWE-552
598,CWE-552
599,CWE-552
600,CWE-552
601,CWE-552
602,CWE-552
603,CWE-552
604,CWE-552
605,CWE-552
606,CWE-552
607,CWE-552
608,CWE-552
609,CWE-552
610,CWE-552
611,CWE-552
612,CWE-552
613,CWE-552
614,CWE-552
615,CWE-552
616,CWE-552
617,CWE-552
618,CWE-552
619,CWE-552
620,CWE-552
621,CWE-552
622,CWE-552
623,CWE-552
624,CWE-552
625,CWE-552
626,CWE-552
627,CWE-552
628,CWE-552
629,CWE-552
630,CWE-552
631,CWE-552
632,CWE-552
633,CWE-77
634,CWE-552
635,CWE-552
637,CWE-552
638,CWE-552
639,CWE-552
640,CWE-552
641,CWE-552
642,CWE-552
643,CWE-552
644,CWE-552
645,CWE-552
646,CWE-552
647,CWE-552
648,CWE-552
649,CWE-552
650,CWE-552
651,CWE-552
652,CWE-552
653,CWE-552
654,CWE-552
655,CWE-552
656,CWE-552
659,CWE-552
660,CWE-552
661,CWE-552
662,CWE-552
663,CWE-552
664,CWE-552
665,CWE-552
666,CWE-552
667,CWE-78
668,CWE-22
669,CWE-552
670,CWE-552
671,CWE-22
672,CWE-22
673,CWE-22
674,CWE-22
675,CWE-200
677,CWE-22
678,CWE-22
679,CWE-200
680,CWE-22
681,CWE-22
682,CWE-22
683,CWE-89
684,CWE-89
685,CWE-89
686,CWE-89
687,CWE-89
688,CWE-89
689,CWE-89
690,CWE-89
691,CWE-89
692,CWE-78
693,CWE-89
694,CWE-89
695,CWE-89
696,CWE-89
697,CWE-79
698,CWE-79
699,CWE-79
700,CWE-79
701,CWE-79
702,CWE-79
703,CWE-79
704,CWE-79
705,CWE-79
706,CWE-79
707,CWE-79
708,CWE-79
709,CWE-79
710,CWE-79
711,CWE-79
712,CWE-79
713,CWE-79
714,CWE-79
715,CWE-79
716,CWE-79
717,CWE-79
718,CWE-79
719,CWE-79
720,CWE-79
721,CWE-79
722,CWE-79
723,CWE-79
724,CWE-79
725,CWE-79
726,CWE-79
727,CWE-79
728,CWE-79
729,CWE-79
730,CWE-79
731,CWE-79
732,CWE-79
733,CWE-79
734,CWE-79
735,CWE-79
736,CWE-79
737,CWE-79
738,CWE-79
739,CWE-79
740,CWE-79
741,CWE-79
742,CWE-79
743,CWE-79
744,CWE-79
745,CWE-79
746,CWE-79
747,CWE-79
748,CWE-79
749,CWE-79
750,CWE-79
751,CWE-79
752,CWE-79
753,CWE-79
754,CWE-79
755,CWE-79
756,CWE-79
757,CWE-79
758,CWE-79
759,CWE-79
760,CWE-79
761,CWE-79
762,CWE-79
763,CWE-79
764,CWE-79
765,CWE-79
766,CWE-79
767,CWE-79
768,CWE-79
769,CWE-79
770,CWE-79
771,CWE-79
772,CWE-79
773,CWE-79
774,CWE-79
775,CWE-79
776,CWE-79
777,CWE-79
778,CWE-79
779,CWE-79
780,CWE-79
781,CWE-79
782,CWE-79
783,CWE-79
784,CWE-79
785,CWE-79
786,CWE-79
787,CWE-79
788,CWE-79
789,CWE-79
790,CWE-79
791,CWE-79
792,CWE-79
793,CWE-79
794,CWE-79
795,CWE-79
796,CWE-79
797,CWE-79
798,CWE-79
799,CWE-79
800,CWE-79
801,CWE-79
802,CWE-79
803,CWE-79
804,CWE-79
805,CWE-79
806,CWE-79
807,CWE-79
808,CWE-79
809,CWE-79
810,CWE-79
811,CWE-79
812,CWE-79
813,CWE-79
814,CWE-79
815,CWE-79
816,CWE-79
817,CWE-79
818,CWE-79
819,CWE-79
820,CWE-79
821,CWE-79
822,CWE-79
823,CWE-79
824,CWE-79
825,CWE-79
826,CWE-79
827,CWE-79
828,CWE-79
829,CWE-79
830,CWE-79
831,CWE-79
832,CWE-79
833,CWE-79
834,CWE-79
835,CWE-79
836,CWE-79
837,CWE-79
838,CWE-79
839,CWE-79
840,CWE-79
841,CWE-79
842,CWE-79
843,CWE-79
844,CWE-79
845,CWE-79
846,CWE-79
847,CWE-79
848,CWE-79
849,CWE-79
850,CWE-79
851,CWE-79
852,CWE-79
853,CWE-79
854,CWE-79
855,CWE-79
856,CWE-79
857,CWE-79
858,CWE-79
859,CWE-79
860,CWE-79
861,CWE-79
862,CWE-79
863,CWE-79
864,CWE-79
865,CWE-79
866,CWE-79
867,CWE-79
868,CWE-79
869,CWE-79
870,CWE-79
872,CWE-79
873,CWE-79
874,CWE-79
875,CWE-79
876,CWE-79
877,CWE-79
878,CWE-79
879,CWE-79
880,CWE-79
881,CWE-79
882,CWE-79
883,CWE-79
884,CWE-79
885,CWE-79
886,CWE-79
887,CWE-79
888,CWE-79
889,CWE-79
890,CWE-119
891,CWE-79
892,CWE-79
893,CWE-79
894,CWE-79
895,CWE-79
896,CWE-79
897,CWE-79
898,CWE-79
899,CWE-79
900,CWE-79
901,CWE-79
902,CWE-79
903,CWE-79
904,CWE-79
905,CWE-79
906,CWE-79
907,CWE-79
908,CWE-79
909,CWE-79
910,CWE-79
911,CWE-79
912,CWE-79
913,CWE-79
914,CWE-79
915,CWE-79
916,CWE-79
917,CWE-79
918,CWE-79
919,CWE-79
920,CWE-79
921,CWE-79
922,CWE-79
923,CWE-79
924,CWE-79
925,CWE-79
926,CWE-79
927,CWE-79
928,CWE-79
929,CWE-79
930,CWE-79
931,CWE-79
932,CWE-79
933,CWE-79
934,CWE-79
935,CWE-79
936,CWE-79
937,CWE-79
938,CWE-79
939,CWE-200
940,CWE-200
941,CWE-284
942,CWE-200
943,CWE-200
944,CWE-287
945,CWE-200
946,CWE-200
947,CWE-200
948,CWE-200
949,CWE-200
950,CWE-200
951,CWE-200
952,CWE-200
953,CWE-200
954,CWE-200
955,CWE-284
956,CWE-284
957,CWE-16
958,CWE-16
959,CWE-16
960,CWE-16
961,CWE-79
962,CWE-200
963,CWE-200
964,CWE-200
965,CWE-200
966,CWE-200
967,CWE-200
968,CWE-200
969,CWE-200
970,CWE-200
971,CWE-200
972,CWE-200
973,CWE-200
974,CWE-200
975,CWE-200
977,CWE-200
978,CWE-200
979,CWE-200
981,CWE-200
982,CWE-200
983,CWE-200
984,CWE-200
985,CWE-200
986,CWE-200
987,CWE-284
988,CWE-200
989,CWE-200
990,CWE-200
991,CWE-200
992,CWE-200
993,CWE-200
994,CWE-200
995,CWE-200
996,CWE-200
997,CWE-200
998,CWE-200
999,CWE-200
1000,CWE-200
1001,CWE-200
1002,CWE-200
1003,CWE-200
1004,CWE-22
1005,CWE-22
1006,CWE-22
1007,CWE-287
1008,CWE-200
1009,CWE-200
1010,CWE-200
1011,CWE-79
1014,CWE-22
1015,CWE-22
1016,CWE-22
1017,CWE-22
1018,CWE-22
1019,CWE-22
1020,CWE-22
1021,CWE-22
1022,CWE-22
1023,CWE-22
1024,CWE-22
1025,CWE-22
1026,CWE-22
1027,CWE-78
1028,CWE-78
1029,CWE-78
1030,CWE-78
1031,CWE-78
1032,CWE-78
1033,CWE-78
1034,CWE-78
1035,CWE-78
1036,CWE-78
1037,CWE-78
1038,CWE-78
1039,CWE-78
1040,CWE-78
1041,CWE-78
1042,CWE-78
1043,CWE-78
1044,CWE-78
1045,CWE-78
1046,CWE-78
1047,CWE-78
1048,CWE-78
1049,CWE-78
1050,CWE-78
1051,CWE-78
1052,CWE-78
1053,CWE-78
1054,CWE-78
1055,CWE-78
1056,CWE-78
1057,CWE-78
1058,CWE-78
1059,CWE-78
1060,CWE-78
1061,CWE-78
1062,CWE-78
1063,CWE-78
1064,CWE-78
1065,CWE-78
1066,CWE-78
1067,CWE-78
1068,CWE-78
1069,CWE-78
1070,CWE-78
1071,CWE-77
1072,CWE-918
1073,CWE-78
1074,CWE-78
1075,CWE-78
1076,CWE-78
1077,CWE-79
1080,CWE-287
1081,CWE-287
1082,CWE-287
1083,CWE-287
1084,CWE-287
1085,CWE-287
1089,CWE-22
1090,CWE-78
1091,CWE-78
1102,CWE-434
1103,CWE-200
1104,CWE-200
1105,CWE-200
1106,CWE-78
1109,CWE-94
1110,CWE-89
1111,CWE-94
1113,CWE-94
1114,CWE-200
1115,CWE-200
1116,CWE-16
1117,CWE-200
1118,CWE-287
1119,CWE-200
1120,CWE-200
1121,CWE-200
1122,CWE-200
1123,CWE-200
1124,CWE-200
1125,CWE-200
1126,CWE-200
1127,CWE-200
1128,CWE-200
1129,CWE-200
1130,CWE-200
1132,CWE-200
1133,CWE-200
1134,CWE-200
1136,CWE-200
1137,CWE-200
1141,CWE-200
1142,CWE-200
1143,CWE-200
1144,CWE-200
1147,CWE-200
1148,CWE-200
1149,CWE-200
1150,CWE-200
1151,CWE-200
1153,CWE-552
1154,CWE-287
1156,CWE-22
1157,CWE-78
1158,CWE-78
1159,CWE-20
1160,CWE-78
1161,CWE-78
1162,CWE-78
1163,CWE-78
1164,CWE-78
1165,CWE-78
1166,CWE-78
1167,CWE-78
1182,CWE-94
1183,CWE-94
1184,CWE-79
1185,CWE-200
1186,CWE-200
1187,CWE-200
1188,CWE-200
1189,CWE-200
1190,CWE-200
1191,CWE-200
1192,CWE-200
1198,CWE-200
1199,CWE-200
1200,CWE-200
1201,CWE-200
1202,CWE-200
1203,CWE-200
1204,CWE-200
1205,CWE-200
1208,CWE-20
1209,CWE-552
1210,CWE-79
1211,CWE-79
1213,CWE-200
1214,CWE-200
1215,CWE-79
1216,CWE-79
1217,CWE-79
1218,CWE-200
1220,CWE-94
1223,CWE-79
1224,CWE-79
1225,CWE-79
1226,CWE-22
1227,CWE-79
1228,CWE-79
1229,CWE-79
1230,CWE-79
1231,CWE-200
1232,CWE-200
1236,CWE-79
1237,CWE-552
1238,CWE-552
1240,CWE-79
1241,CWE-79
1244,CWE-552
1245,CWE-119
1246,CWE-22
1247,CWE-22
1248,CWE-22
1251,CWE-78
1252,CWE-22
1253,CWE-287
1254,CWE-287
1255,CWE-287
1256,CWE-287
1257,CWE-287
1258,CWE-287
1259,CWE-287
1260,CWE-287
1261,CWE-287
1262,CWE-287
1263,CWE-287
1264,CWE-287
1265,CWE-287
1266,CWE-287
1267,CWE-287
1268,CWE-287
1269,CWE-287
1270,CWE-287
1271,CWE-287
1272,CWE-287
1273,CWE-287
1274,CWE-287
1275,CWE-287
1276,CWE-287
1277,CWE-287
1278,CWE-287
1279,CWE-287
1280,CWE-287
1281,CWE-287
1282,CWE-287
1283,CWE-287
1284,CWE-287
1285,CWE-287
1286,CWE-287
1287,CWE-287
1288,CWE-287
1289,CWE-287
1290,CWE-287
1291,CWE-287
1292,CWE-287
1293,CWE-287
1294,CWE-287
1295,CWE-287
1296,CWE-287
1297,CWE-287
1298,CWE-287
1299,CWE-287
1300,CWE-287
1301,CWE-287
1302,CWE-287
1303,CWE-287
1304,CWE-287
1305,CWE-287
1306,CWE-287
1307,CWE-287
1308,CWE-287
1309,CWE-287
1310,CWE-287
1311,CWE-287
1312,CWE-287
1313,CWE-287
1314,CWE-287
1315,CWE-287
1316,CWE-287
1317,CWE-287
1318,CWE-287
1319,CWE-287
1320,CWE-287
1321,CWE-287
1322,CWE-287
1323,CWE-287
1324,CWE-287
1325,CWE-287
1326,CWE-287
1327,CWE-287
1328,CWE-287
1329,CWE-287
1330,CWE-287
1331,CWE-287
1332,CWE-287
1333,CWE-287
1334,CWE-287
1335,CWE-287
1336,CWE-287
1337,CWE-287
1338,CWE-287
1339,CWE-287
1340,CWE-287
1341,CWE-287
1342,CWE-287
1343,CWE-287
1344,CWE-287
1345,CWE-287
1346,CWE-287
1347,CWE-94
1348,CWE-94
1350,CWE-94
1351,CWE-94
1352,CWE-200
1353,CWE-200
1354,CWE-22
1355,CWE-200
1356,CWE-200
1357,CWE-200
1358,CWE-16
1359,CWE-16
1360,CWE-16
1361,CWE-78
1362,CWE-22
1363,CWE-22
1364,CWE-200
1365,CWE-200
1366,CWE-200
1367,CWE-200
1368,CWE-78
1369,CWE-78
1370,CWE-78
1371,CWE-78
1372,CWE-78
1374,CWE-434
1375,CWE-200
1376,CWE-78
1377,CWE-200
1378,CWE-79
1379,CWE-79
1380,CWE-79
1381,CWE-79
1382,CWE-79
1383,CWE-79
1384,CWE-200
1385,CWE-200
1386,CWE-200
1387,CWE-200
1388,CWE-89
1389,CWE-89
1390,CWE-89
1391,CWE-89
1392,CWE-89
1393,CWE-89
1394,CWE-89
1395,CWE-89
1396,CWE-89
1397,CWE-89
1398,CWE-89
1399,CWE-89
1400,CWE-89
1401,CWE-78
1402,CWE-78
1403,CWE-78
1404,CWE-434
1405,CWE-434
1406,CWE-200
1407,CWE-200
1408,CWE-200
1409,CWE-200
1411,CWE-78
1412,CWE-200
1413,CWE-22
1414,CWE-22
1415,CWE-22
1416,CWE-22
1419,CWE-22
1420,CWE-552
1421,CWE-16
1422,CWE-16
1423,CWE-16
1424,CWE-16
1425,CWE-16
1426,CWE-16
1427,CWE-16
1428,CWE-16
1429,CWE-16
1430,CWE-16
1431,CWE-16
1432,CWE-16
1433,CWE-16
1434,CWE-16
1435,CWE-16
1436,CWE-16
1437,CWE-16
1438,CWE-16
1439,CWE-16
1441,CWE-16
1442,CWE-16
1443,CWE-16
1444,CWE-16
1445,CWE-16
1446,CWE-16
1450,CWE-89
1451,CWE-89
1452,CWE-200
1453,CWE-79
1454,CWE-79
1455,CWE-16
1456,CWE-79
1457,CWE-79
1458,CWE-79
1459,CWE-79
1460,CWE-79
1461,CWE-200
1465,CWE-16
1466,CWE-16
1467,CWE-552
1468,CWE-552
1469,CWE-79
1470,CWE-79
1471,CWE-78
1472,CWE-200
1473,CWE-200
1475,CWE-22
1476,CWE-22
1477,CWE-22
1478,CWE-200
1481,CWE-200
1482,CWE-22
1483,CWE-22
1484,CWE-22
1485,CWE-22
1486,CWE-22
1487,CWE-79
1488,CWE-22
1489,CWE-78
1490,CWE-79
1491,CWE-552
1492,CWE-200
1493,CWE-200
1494,CWE-200
1495,CWE-200
1496,CWE-200
1503,CWE-79
1504,CWE-79
1505,CWE-200
1506,CWE-79
1508,CWE-200
1509,CWE-89
1510,CWE-79
1512,CWE-89
1513,CWE-89
1514,CWE-200
1515,CWE-200
1516,CWE-200
1517,CWE-200
1518,CWE-200
1519,CWE-200
1520,CWE-200
1521,CWE-200
1522,CWE-200
1523,CWE-200
1524,CWE-200
1525,CWE-200
1526,CWE-200
1527,CWE-200
1528,CWE-200
1529,CWE-200
1530,CWE-200
1531,CWE-200
1532,CWE-200
1533,CWE-200
1534,CWE-200
1535,CWE-200
1536,CWE-200
1537,CWE-200
1538,CWE-200
1539,CWE-200
1540,CWE-200
1541,CWE-200
1542,CWE-200
1543,CWE-200
1544,CWE-200
1545,CWE-200
1546,CWE-200
1547,CWE-200
1548,CWE-200
1549,CWE-200
1550,CWE-200
1551,CWE-200
1552,CWE-200
1553,CWE-200
1554,CWE-200
1555,CWE-200
1556,CWE-200
1557,CWE-200
1558,CWE-200
1559,CWE-200
1560,CWE-200
1561,CWE-200
1562,CWE-200
1563,CWE-200
1564,CWE-200
1565,CWE-200
1566,CWE-200
1567,CWE-200
1568,CWE-200
1569,CWE-200
1570,CWE-200
1571,CWE-200
1572,CWE-200
1573,CWE-200
1574,CWE-200
1575,CWE-200
1576,CWE-200
1577,CWE-200
1578,CWE-200
1579,CWE-200
1580,CWE-200
1581,CWE-200
1582,CWE-200
1583,CWE-200
1584,CWE-200
1585,CWE-200
1586,CWE-200
1587,CWE-200
1588,CWE-200
1589,CWE-200
1590,CWE-200
1591,CWE-200
1592,CWE-200
1593,CWE-200
1594,CWE-200
1595,CWE-200
1596,CWE-200
1597,CWE-200
1598,CWE-200
1599,CWE-200
1601,CWE-200
1602,CWE-200
1603,CWE-200
1604,CWE-200
1605,CWE-200
1606,CWE-200
1607,CWE-200
1608,CWE-200
1609,CWE-200
1610,CWE-200
1612,CWE-200
1613,CWE-200
1614,CWE-200
1615,CWE-200
1617,CWE-16
1618,CWE-200
1619,CWE-200
1620,CWE-200
1621,CWE-200
1622,CWE-200
1623,CWE-16
1624,CWE-200
1625,CWE-200
1626,CWE-284
1627,CWE-200
1628,CWE-16
1629,CWE-16
1630,CWE-200
1631,CWE-200
1632,CWE-200
1633,CWE-200
1634,CWE-16
1635,CWE-200
1636,CWE-200
1637,CWE-200
1638,CWE-200
1639,CWE-200
1640,CWE-200
1641,CWE-200
1642,CWE-200
1643,CWE-200
1644,CWE-200
1645,CWE-200
1646,CWE-200
1647,CWE-200
1648,CWE-200
1649,CWE-200
1650,CWE-200
1651,CWE-200
1652,CWE-200
1653,CWE-200
1654,CWE-200
1655,CWE-200
1656,CWE-200
1657,CWE-200
1658,CWE-200
1659,CWE-200
1660,CWE-200
1662,CWE-200
1663,CWE-200
1664,CWE-200
1665,CWE-200
1666,CWE-200
1667,CWE-200
1668,CWE-200
1669,CWE-200
1670,CWE-200
1671,CWE-200
1672,CWE-200
1673,CWE-200
1674,CWE-200
1675,CWE-200
1676,CWE-200
1677,CWE-200
1678,CWE-200
1679,CWE-200
1680,CWE-200
1681,CWE-200
1682,CWE-200
1683,CWE-200
1684,CWE-200
1685,CWE-200
1686,CWE-200
1687,CWE-200
1688,CWE-200
1689,CWE-200
1690,CWE-200
1691,CWE-200
1693,CWE-200
1694,CWE-200
1695,CWE-200
1696,CWE-200
1697,CWE-200
1698,CWE-200
1699,CWE-200
1700,CWE-200
1701,CWE-200
1702,CWE-200
1703,CWE-200
1704,CWE-200
1705,CWE-200
1706,CWE-200
1707,CWE-200
1708,CWE-200
1709,CWE-200
1710,CWE-200
1711,CWE-200
1712,CWE-200
1713,CWE-200
1714,CWE-16
1715,CWE-200
1716,CWE-200
1717,CWE-200
1718,CWE-200
1719,CWE-200
1720,CWE-200
1721,CWE-200
1722,CWE-200
1723,CWE-200
1724,CWE-200
1725,CWE-200
1726,CWE-200
1727,CWE-200
1728,CWE-200
1729,CWE-200
1730,CWE-200
1731,CWE-200
1732,CWE-200
1733,CWE-200
1734,CWE-200
1735,CWE-200
1736,CWE-200
1737,CWE-200
1738,CWE-200
1739,CWE-200
1740,CWE-200
1741,CWE-200
1742,CWE-200
1743,CWE-200
1744,CWE-200
1745,CWE-200
1746,CWE-200
1747,CWE-200
1748,CWE-200
1749,CWE-200
1750,CWE-200
1751,CWE-200
1752,CWE-200
1753,CWE-200
1754,CWE-200
1755,CWE-200
1756,CWE-200
1757,CWE-200
1758,CWE-200
1759,CWE-200
1760,CWE-200
1761,CWE-200
1762,CWE-200
1763,CWE-200
1764,CWE-200
1765,CWE-200
1767,CWE-200
1768,CWE-200
1769,CWE-200
1770,CWE-200
1771,CWE-200
1772,CWE-200
1773,CWE-200
1774,CWE-200
1775,CWE-200
1776,CWE-200
1777,CWE-200
1778,CWE-200
1779,CWE-200
1780,CWE-200
1781,CWE-200
1782,CWE-200
1783,CWE-200
1784,CWE-200
1785,CWE-200
1786,CWE-200
1787,CWE-200
1788,CWE-16
1789,CWE-200
1790,CWE-200
1791,CWE-200
1792,CWE-200
1793,CWE-200
1794,CWE-200
1797,CWE-200
1798,CWE-200
1799,CWE-200
1800,CWE-200
1801,CWE-200
1802,CWE-200
1803,CWE-200
1804,CWE-200
1805,CWE-200
1806,CWE-200
1807,CWE-200
1808,CWE-200
1809,CWE-200
1810,CWE-200
1811,CWE-200
1812,CWE-200
1813,CWE-200
1814,CWE-200
1815,CWE-200
1816,CWE-200
1818,CWE-200
1819,CWE-200
1820,CWE-200
1821,CWE-200
1822,CWE-200
1823,CWE-200
1824,CWE-200
1825,CWE-200
1826,CWE-200
1827,CWE-200
1828,CWE-200
1829,CWE-200
1830,CWE-16
1831,CWE-200
1832,CWE-200
1833,CWE-200
1834,CWE-200
1835,CWE-200
1836,CWE-200
1837,CWE-200
1838,CWE-200
1839,CWE-200
1840,CWE-200
1841,CWE-16
1842,CWE-16
1843,CWE-200
1844,CWE-16
1845,CWE-200
1846,CWE-16
1847,CWE-200
1848,CWE-200
1849,CWE-200
1850,CWE-200
1851,CWE-200
1852,CWE-16
1853,CWE-200
1854,CWE-16
1855,CWE-200
1856,CWE-200
1857,CWE-16
1858,CWE-16
1859,CWE-200
1860,CWE-200
1861,CWE-16
1862,CWE-200
1863,CWE-200
1864,CWE-200
1865,CWE-200
1866,CWE-200
1867,CWE-200
1868,CWE-200
1869,CWE-200
1870,CWE-200
1871,CWE-200
1872,CWE-200
1873,CWE-200
1874,CWE-200
1875,CWE-200
1876,CWE-200
1877,CWE-200
1878,CWE-200
1879,CWE-200
1880,CWE-200
1881,CWE-200
1882,CWE-200
1883,CWE-200
1884,CWE-200
1885,CWE-200
1886,CWE-200
1887,CWE-200
1888,CWE-200
1889,CWE-200
1890,CWE-200
1891,CWE-200
1892,CWE-200
1893,CWE-200
1894,CWE-200
1895,CWE-200
1896,CWE-200
1897,CWE-200
1898,CWE-200
1899,CWE-200
1900,CWE-200
1901,CWE-200
1902,CWE-200
1903,CWE-200
1904,CWE-200
1905,CWE-200
1906,CWE-200
1907,CWE-200
1908,CWE-200
1909,CWE-200
1910,CWE-200
1911,CWE-200
1912,CWE-200
1913,CWE-200
1914,CWE-200
1915,CWE-200
1916,CWE-200
1917,CWE-200
1918,CWE-200
1919,CWE-200
1920,CWE-200
1921,CWE-200
1922,CWE-200
1923,CWE-200
1924,CWE-200
1925,CWE-200
1926,CWE-200
1927,CWE-200
1928,CWE-200
1929,CWE-200
1930,CWE-200
1931,CWE-200
1932,CWE-200
1933,CWE-200
1934,CWE-200
1935,CWE-200
1936,CWE-200
1937,CWE-200
1938,CWE-200
1939,CWE-200
1940,CWE-200
1941,CWE-200
1942,CWE-200
1943,CWE-200
1944,CWE-200
1945,CWE-200
1946,CWE-200
1947,CWE-200
1948,CWE-200
1949,CWE-200
1950,CWE-16
1952,CWE-200
1953,CWE-200
1954,CWE-200
1955,CWE-200
1956,CWE-200
1957,CWE-200
1958,CWE-200
1959,CWE-200
1960,CWE-200
1961,CWE-200
1962,CWE-200
1963,CWE-200
1964,CWE-200
1965,CWE-200
1966,CWE-200
1967,CWE-200
1968,CWE-200
1969,CWE-200
1970,CWE-200
1971,CWE-200
1972,CWE-200
1973,CWE-200
1974,CWE-200
1975,CWE-200
1976,CWE-200
1977,CWE-200
1978,CWE-200
1979,CWE-200
1980,CWE-200
1981,CWE-200
1982,CWE-200
1983,CWE-200
1984,CWE-200
1985,CWE-200
1986,CWE-200
1987,CWE-200
1988,CWE-200
1989,CWE-200
1990,CWE-200
1991,CWE-200
1992,CWE-200
1993,CWE-200
1994,CWE-200
1995,CWE-200
1996,CWE-200
1997,CWE-200
1998,CWE-200
1999,CWE-200
2000,CWE-200
2001,CWE-200
2002,CWE-200
2003,CWE-200
2004,CWE-200
2005,CWE-200
2006,CWE-200
2007,CWE-200
2008,CWE-200
2009,CWE-200
2010,CWE-200
2011,CWE-200
2012,CWE-200
2013,CWE-200
2014,CWE-200
2015,CWE-200
2016,CWE-200
2017,CWE-200
2018,CWE-200
2019,CWE-200
2020,CWE-200
2021,CWE-200
2022,CWE-200
2023,CWE-200
2024,CWE-200
2025,CWE-200
2026,CWE-200
2027,CWE-200
2028,CWE-200
2029,CWE-200
2030,CWE-200
2031,CWE-200
2032,CWE-200
2033,CWE-200
2034,CWE-200
2035,CWE-200
2036,CWE-200
2037,CWE-200
2038,CWE-200
2039,CWE-200
2040,CWE-200
2041,CWE-200
2042,CWE-200
2043,CWE-200
2044,CWE-200
2045,CWE-200
2046,CWE-200
2047,CWE-200
2048,CWE-200
2049,CWE-200
2050,CWE-200
2051,CWE-200
2052,CWE-200
2053,CWE-200
2054,CWE-200
2055,CWE-200
2056,CWE-200
2057,CWE-200
2058,CWE-200
2059,CWE-200
2060,CWE-200
2061,CWE-200
2062,CWE-200
2063,CWE-200
2064,CWE-200
2065,CWE-200
2066,CWE-200
2067,CWE-200
2068,CWE-200
2069,CWE-200
2070,CWE-200
2071,CWE-200
2072,CWE-200
2073,CWE-200
2074,CWE-200
2075,CWE-200
2076,CWE-200
2077,CWE-200
2078,CWE-200
2079,CWE-200
2080,CWE-200
2081,CWE-200
2082,CWE-200
2083,CWE-200
2084,CWE-200
2085,CWE-200
2086,CWE-200
2087,CWE-200
2088,CWE-22
2089,CWE-200
2090,CWE-200
2091,CWE-200
2092,CWE-200
2093,CWE-200
2094,CWE-200
2095,CWE-200
2096,CWE-200
2097,CWE-200
2098,CWE-200
2099,CWE-200
2100,CWE-200
2101,CWE-200
2102,CWE-200
2103,CWE-200
2104,CWE-16
2105,CWE-16
2106,CWE-16
2107,CWE-16
2108,CWE-16
2109,CWE-16
2110,CWE-16
2111,CWE-16
2112,CWE-16
2113,CWE-16
2114,CWE-16
2115,CWE-16
2116,CWE-200
2265,CWE-200
2266,CWE-200
2267,CWE-200
2268,CWE-200
2269,CWE-200
2270,CWE-200
2271,CWE-200
2272,CWE-200
2273,CWE-200
2274,CWE-200
2275,CWE-200
2276,CWE-200
2277,CWE-200
2278,CWE-200
2279,CWE-200
2280,CWE-200
2281,CWE-200
2282,CWE-200
2283,CWE-200
2284,CWE-200
2285,CWE-200
2286,CWE-200
2287,CWE-200
2288,CWE-200
2289,CWE-200
2290,CWE-200
2291,CWE-200
2292,CWE-200
2293,CWE-200
2294,CWE-200
2295,CWE-200
2296,CWE-200
2297,CWE-200
2298,CWE-200
2299,CWE-200
2300,CWE-200
2301,CWE-200
2302,CWE-200
2303,CWE-200
2304,CWE-200
2305,CWE-200
2306,CWE-200
2307,CWE-200
2308,CWE-200
2309,CWE-200
2310,CWE-200
2311,CWE-200
2312,CWE-200
2313,CWE-200
2314,CWE-200
2315,CWE-200
2316,CWE-200
2317,CWE-287
2318,CWE-200
2319,CWE-200
2320,CWE-200
2321,CWE-200
2322,CWE-200
2323,CWE-200
2324,CWE-200
2325,CWE-200
2326,CWE-200
2327,CWE-200
2328,CWE-200
2329,CWE-200
2330,CWE-200
2331,CWE-200
2332,CWE-200
2333,CWE-200
2334,CWE-200
2335,CWE-200
2336,CWE-200
2337,CWE-200
2338,CWE-200
2339,CWE-200
2340,CWE-200
2341,CWE-200
2342,CWE-200
2343,CWE-200
2344,CWE-200
2345,CWE-200
2346,CWE-200
2347,CWE-200
2348,CWE-200
2349,CWE-200
2350,CWE-200
2351,CWE-200
2352,CWE-200
2353,CWE-200
2354,CWE-200
2355,CWE-200
2356,CWE-200
2357,CWE-200
2358,CWE-200
2359,CWE-200
2360,CWE-200
2361,CWE-200
2362,CWE-200
2363,CWE-200
2364,CWE-200
2365,CWE-200
2366,CWE-200
2367,CWE-200
2368,CWE-200
2369,CWE-200
2370,CWE-200
2371,CWE-200
2372,CWE-200
2373,CWE-200
2374,CWE-200
2375,CWE-200
2376,CWE-200
2377,CWE-200
2378,CWE-200
2379,CWE-200
2380,CWE-200
2381,CWE-200
2382,CWE-200
2383,CWE-200
2384,CWE-200
2385,CWE-200
2386,CWE-200
2387,CWE-200
2388,CWE-200
2389,CWE-200
2391,CWE-200
2392,CWE-200
2393,CWE-200
2394,CWE-200
2395,CWE-200
2396,CWE-200
2397,CWE-200
2398,CWE-200
2399,CWE-200
2400,CWE-200
2401,CWE-200
2402,CWE-200
2403,CWE-200
2404,CWE-200
2405,CWE-200
2406,CWE-200
2407,CWE-200
2408,CWE-200
2409,CWE-200
2410,CWE-200
2411,CWE-200
2412,CWE-200
2413,CWE-200
2414,CWE-200
2415,CWE-200
2416,CWE-200
2417,CWE-200
2418,CWE-200
2419,CWE-200
2420,CWE-200
2421,CWE-200
2422,CWE-200
2423,CWE-200
2424,CWE-200
2425,CWE-200
2426,CWE-200
2427,CWE-200
2428,CWE-200
2429,CWE-200
2430,CWE-200
2431,CWE-200
2432,CWE-200
2433,CWE-200
2434,CWE-200
2435,CWE-200
2436,CWE-200
2437,CWE-200
2438,CWE-200
2439,CWE-200
2440,CWE-200
2441,CWE-200
2442,CWE-200
2443,CWE-200
2444,CWE-200
2445,CWE-200
2446,CWE-200
2447,CWE-200
2448,CWE-200
2449,CWE-200
2450,CWE-200
2451,CWE-200
2452,CWE-200
2453,CWE-200
2454,CWE-200
2455,CWE-200
2456,CWE-200
2457,CWE-200
2458,CWE-200
2459,CWE-200
2460,CWE-200
2461,CWE-200
2462,CWE-200
2463,CWE-200
2464,CWE-200
2465,CWE-200
2466,CWE-200
2467,CWE-200
2468,CWE-200
2469,CWE-200
2470,CWE-200
2471,CWE-200
2472,CWE-200
2473,CWE-200
2475,CWE-94
2476,CWE-200
2477,CWE-94
2478,CWE-200
2479,CWE-200
2480,CWE-200
2481,CWE-200
2482,CWE-200
2483,CWE-200
2484,CWE-200
2485,CWE-200
2486,CWE-200
2487,CWE-200
2488,CWE-200
2489,CWE-200
2490,CWE-200
2491,CWE-200
2492,CWE-200
2493,CWE-200
2494,CWE-200
2500,CWE-200
2501,CWE-200
2502,CWE-200
2503,CWE-200
2504,CWE-200
2505,CWE-200
2506,CWE-200
2507,CWE-200
2508,CWE-200
2509,CWE-200
2510,CWE-200
2511,CWE-200
2512,CWE-200
2513,CWE-200
2514,CWE-200
2515,CWE-200
2516,CWE-200
2517,CWE-200
2518,CWE-200
2519,CWE-200
2520,CWE-200
2521,CWE-200
2522,CWE-200
2523,CWE-200
2524,CWE-200
2525,CWE-200
2526,CWE-200
2527,CWE-200
2528,CWE-200
2529,CWE-200
2530,CWE-200
2531,CWE-200
2532,CWE-200
2533,CWE-200
2534,CWE-200
2535,CWE-200
2536,CWE-200
2537,CWE-200
2538,CWE-200
2539,CWE-200
2540,CWE-200
2541,CWE-200
2542,CWE-200
2543,CWE-200
2544,CWE-200
2545,CWE-200
2546,CWE-200
2547,CWE-200
2548,CWE-200
2549,CWE-200
2550,CWE-200
2551,CWE-200
2552,CWE-200
2553,CWE-200
2554,CWE-200
2555,CWE-200
2556,CWE-200
2557,CWE-200
2558,CWE-200
2559,CWE-200
2560,CWE-200
2561,CWE-200
2562,CWE-200
2563,CWE-200
2564,CWE-200
2565,CWE-200
2566,CWE-200
2567,CWE-200
2568,CWE-200
2569,CWE-200
2571,CWE-200
2572,CWE-200
2573,CWE-200
2574,CWE-200
2575,CWE-200
2576,CWE-200
2577,CWE-200
2578,CWE-200
2579,CWE-200
2580,CWE-200
2581,CWE-200
2582,CWE-200
2583,CWE-200
2584,CWE-200
2585,CWE-200
2586,CWE-200
2587,CWE-200
2588,CWE-200
2589,CWE-200
2590,CWE-200
2591,CWE-200
2592,CWE-200
2593,CWE-200
2594,CWE-200
2595,CWE-200
2596,CWE-200
2597,CWE-200
2598,CWE-200
2599,CWE-200
2600,CWE-200
2601,CWE-200
2602,CWE-200
2603,CWE-200
2604,CWE-200
2605,CWE-200
2606,CWE-200
2607,CWE-200
2608,CWE-200
2609,CWE-200
2610,CWE-200
2611,CWE-200
2612,CWE-200
2613,CWE-200
2614,CWE-200
2615,CWE-200
2616,CWE-200
2617,CWE-200
2618,CWE-200
2619,CWE-200
2620,CWE-200
2621,CWE-200
2622,CWE-200
2623,CWE-200
2624,CWE-200
2625,CWE-200
2626,CWE-200
2627,CWE-200
2628,CWE-200
2629,CWE-200
2630,CWE-200
2631,CWE-200
2632,CWE-200
2633,CWE-200
2634,CWE-200
2635,CWE-200
2636,CWE-200
2637,CWE-200
2638,CWE-200
2639,CWE-200
2640,CWE-200
2641,CWE-200
2642,CWE-200
2643,CWE-200
2644,CWE-200
2645,CWE-200
2646,CWE-200
2647,CWE-200
2648,CWE-200
2649,CWE-200
2650,CWE-200
2651,CWE-200
2652,CWE-200
2653,CWE-200
2654,CWE-200
2655,CWE-200
2656,CWE-200
2657,CWE-200
2658,CWE-200
2659,CWE-200
2660,CWE-200
2661,CWE-200
2662,CWE-200
2663,CWE-200
2664,CWE-200
2665,CWE-200
2666,CWE-200
2667,CWE-200
2668,CWE-200
2669,CWE-200
2670,CWE-200
2671,CWE-200
2672,CWE-200
2673,CWE-200
2674,CWE-200
2675,CWE-200
2676,CWE-200
2677,CWE-200
2678,CWE-200
2679,CWE-200
2680,CWE-200
2681,CWE-200
2682,CWE-200
2683,CWE-200
2684,CWE-200
2685,CWE-200
2686,CWE-200
2687,CWE-200
2688,CWE-200
2689,CWE-200
2690,CWE-200
2691,CWE-200
2692,CWE-200
2693,CWE-200
2694,CWE-200
2695,CWE-200
2696,CWE-200
2697,CWE-200
2698,CWE-200
2699,CWE-200
2700,CWE-200
2701,CWE-200
2702,CWE-200
2703,CWE-200
2704,CWE-200
2705,CWE-200
2706,CWE-200
2707,CWE-200
2708,CWE-200
2709,CWE-200
2710,CWE-200
2711,CWE-200
2712,CWE-200
2713,CWE-200
2714,CWE-200
2715,CWE-200
2716,CWE-200
2717,CWE-200
2718,CWE-200
2719,CWE-200
2720,CWE-200
2721,CWE-200
2722,CWE-200
2723,CWE-200
2724,CWE-200
2725,CWE-200
2726,CWE-16
2727,CWE-16
2728,CWE-16
2729,CWE-200
2730,CWE-200
2731,CWE-200
2732,CWE-200
2733,CWE-200
2734,CWE-200
2735,CWE-200
2736,CWE-200
2737,CWE-200
2738,CWE-200
2739,CWE-200
2740,CWE-200
2741,CWE-200
2742,CWE-200
2743,CWE-200
2744,CWE-200
2745,CWE-200
2746,CWE-200
2747,CWE-200
2748,CWE-200
2749,CWE-200
2750,CWE-200
2751,CWE-200
2752,CWE-200
2753,CWE-200
2754,CWE-200
2755,CWE-200
2756,CWE-200
2757,CWE-200
2758,CWE-200
2759,CWE-200
2760,CWE-200
2761,CWE-22
2762,CWE-22
2764,CWE-552
2765,CWE-552
2766,CWE-552
2767,CWE-552
2768,CWE-552
2769,CWE-552
2770,CWE-552
2771,CWE-552
2772,CWE-552
2773,CWE-552
2774,CWE-552
2775,CWE-552
2776,CWE-552
2777,CWE-552
2778,CWE-552
2779,CWE-552
2780,CWE-552
2781,CWE-552
2782,CWE-552
2783,CWE-552
2784,CWE-552
2785,CWE-552
2786,CWE-552
2787,CWE-552
2788,CWE-552
2789,CWE-552
2790,CWE-552
2791,CWE-552
2792,CWE-552
2793,CWE-552
2794,CWE-552
2795,CWE-552
2796,CWE-552
2797,CWE-552
2798,CWE-552
2799,CWE-552
2800,CWE-552
2801,CWE-552
2802,CWE-552
2803,CWE-552
2804,CWE-552
2805,CWE-552
2806,CWE-552
2807,CWE-552
2808,CWE-552
2809,CWE-552
2810,CWE-552
2811,CWE-552
2812,CWE-16
2813,CWE-16
2814,CWE-16
2815,CWE-16
2816,CWE-16
2817,CWE-16
2818,CWE-16
2819,CWE-16
2820,CWE-16
2821,CWE-16
2822,CWE-16
2823,CWE-16
2824,CWE-16
2825,CWE-16
2826,CWE-16
2827,CWE-16
2828,CWE-16
2829,CWE-16
2830,CWE-16
2831,CWE-16
2832,CWE-16
2833,CWE-16
2834,CWE-16
2835,CWE-16
2836,CWE-16
2837,CWE-16
2838,CWE-16
2839,CWE-16
2840,CWE-16
2841,CWE-16
2842,CWE-16
2843,CWE-16
2844,CWE-16
2845,CWE-16
2846,CWE-16
2847,CWE-16
2848,CWE-16
2849,CWE-16
2850,CWE-16
2851,CWE-16
2852,CWE-16
2853,CWE-16
2854,CWE-16
2855,CWE-16
2856,CWE-16
2857,CWE-16
2858,CWE-16
2859,CWE-16
2860,CWE-16
2861,CWE-552
2862,CWE-552
2863,CWE-552
2864,CWE-552
2865,CWE-552
2866,CWE-552
2867,CWE-552
2868,CWE-552
2869,CWE-552
2870,CWE-552
2871,CWE-552
2872,CWE-552
2873,CWE-552
2874,CWE-552
2875,CWE-552
2876,CWE-552
2877,CWE-552
2878,CWE-552
2879,CWE-552
2880,CWE-552
2881,CWE-552
2882,CWE-552
2883,CWE-552
2884,CWE-552
2885,CWE-552
2886,CWE-552
2887,CWE-552
2888,CWE-552
2934,CWE-552
2935,CWE-552
2936,CWE-16
2937,CWE-552
2938,CWE-552
2939,CWE-552
2940,CWE-552
2941,CWE-552
2942,CWE-552
2943,CWE-552
2944,CWE-552
2945,CWE-552
2946,CWE-552
2947,CWE-552
2948,CWE-552
2949,CWE-552
2950,CWE-552
2951,CWE-552
2952,CWE-552
2953,CWE-552
2954,CWE-552
2955,CWE-552
2956,CWE-552
2957,CWE-552
2958,CWE-552
2959,CWE-552
2960,CWE-552
2961,CWE-552
2962,CWE-552
2963,CWE-552
2964,CWE-552
2965,CWE-552
2966,CWE-552
2967,CWE-552
2968,CWE-552
2969,CWE-552
2970,CWE-552
2971,CWE-552
2972,CWE-552
2973,CWE-552
2974,CWE-552
2975,CWE-552
2976,CWE-16
2977,CWE-16
2978,CWE-16
2979,CWE-16
2980,CWE-16
2981,CWE-16
2982,CWE-552
2983,CWE-552
2984,CWE-552
2985,CWE-552
2986,CWE-552
2987,CWE-552
2988,CWE-552
2989,CWE-552
3000,CWE-16
3001,CWE-16
3002,CWE-16
3003,CWE-16
3004,CWE-16
3005,CWE-16
3006,CWE-16
3007,CWE-16
3008,CWE-16
3009,CWE-16
3010,CWE-16
3011,CWE-16
3012,CWE-200
3013,CWE-200
3014,CWE-200
3015,CWE-200
3016,CWE-200
3017,CWE-79
3018,CWE-78
3019,CWE-200
3023,CWE-22
3024,CWE-22
3025,CWE-552
3026,CWE-552
3027,CWE-552
3028,CWE-552
3029,CWE-200
3030,CWE-79
3031,CWE-79
3032,CWE-79
3033,CWE-79
3034,CWE-79
3038,CWE-79
3039,CWE-78
3040,CWE-78
3048,CWE-200
3049,CWE-200
3050,CWE-200
3051,CWE-200
3053,CWE-78
3054,CWE-78
3055,CWE-200
3057,CWE-22
3058,CWE-22
3059,CWE-22
3060,CWE-22
3061,CWE-22
3062,CWE-22
3063,CWE-22
3064,CWE-22
3065,CWE-22
3070,CWE-22
3071,CWE-22
3072,CWE-22
3073,CWE-200
3074,CWE-22
3075,CWE-22
3076,CWE-200
3077,CWE-22
3078,CWE-22
3079,CWE-22
3080,CWE-22
3081,CWE-79
3082,CWE-200
3083,CWE-79
3084,CWE-79
3085,CWE-200
3086,CWE-79
3088,CWE-200
3089,CWE-78
3090,CWE-200
3091,CWE-200
3092,CWE-200
3093,CWE-22
3094,CWE-22
3095,CWE-22
3096,CWE-22
3097,CWE-200
3098,CWE-22
3099,CWE-22
3100,CWE-22
3101,CWE-22
3102,CWE-22
3103,CWE-22
3104,CWE-22
3105,CWE-16
3106,CWE-16
3107,CWE-16
3108,CWE-22
3109,CWE-22
3110,CWE-22
3111,CWE-22
3112,CWE-22
3113,CWE-22
3114,CWE-22
3115,CWE-22
3117,CWE-79
3118,CWE-79
3119,CWE-200
3120,CWE-22
3121,CWE-22
3122,CWE-79
3123,CWE-79
3124,CWE-79
3125,CWE-79
3126,CWE-78
3127,CWE-22
3128,CWE-16
3129,CWE-200
3130,CWE-200
3131,CWE-22
3132,CWE-22
3133,CWE-200
3135,CWE-922
3136,CWE-16
3137,CWE-327
3138,CWE-327
3139,CWE-22
3140,CWE-22
3141,CWE-22
3142,CWE-22
3143,CWE-16
3144,CWE-16
3145,CWE-16
3146,CWE-16
3147,CWE-16
3148,CWE-16
3149,CWE-16
3150,CWE-79
3151,CWE-200
3152,CWE-200
3153,CWE-200
3154,CWE-22
3156,CWE-78
3157,CWE-200
3158,CWE-200
3159,CWE-200
3160,CWE-16
3161,CWE-16
3162,CWE-16
3163,CWE-16
3164,CWE-16
3165,CWE-16
3166,CWE-89
3167,CWE-16
3168,CWE-200
3169,CWE-200
3170,CWE-79
3171,CWE-79
3172,CWE-79
3173,CWE-79
3174,CWE-79
3175,CWE-22
3176,CWE-22
3179,CWE-22
3180,CWE-200
3181,CWE-200
3182,CWE-200
3183,CWE-200
3184,CWE-22
3185,CWE-79
3186,CWE-79
3187,CWE-79
3188,CWE-79
3189,CWE-22
3190,CWE-78
3191,CWE-78
3192,CWE-78
3193,CWE-78
3194,CWE-78
3195,CWE-78
3196,CWE-78
3197,CWE-78
3199,CWE-78
3200,CWE-16
3201,CWE-16
3202,CWE-22
3203,CWE-22
3204,CWE-22
3205,CWE-22
3206,CWE-22
3207,CWE-22
3208,CWE-22
3209,CWE-22
3210,CWE-22
3212,CWE-22
3213,CWE-200
3214,CWE-200
3215,CWE-200
3216,CWE-78
3217,CWE-78
3218,CWE-78
3219,CWE-78
3220,CWE-200
3221,CWE-200
3222,CWE-200
3223,CWE-200
3224,CWE-200
3225,CWE-200
3226,CWE-79
3227,CWE-79
3228,CWE-79
3229,CWE-79
3230,CWE-79
3231,CWE-79
3232,CWE-79
3233,CWE-79
3234,CWE-79
3235,CWE-79
3236,CWE-79
3237,CWE-79
3238,CWE-79
3239,CWE-79
3240,CWE-79
3241,CWE-79
3242,CWE-79
3243,CWE-79
3244,CWE-79
3245,CWE-79
3246,CWE-79
3247,CWE-79
3248,CWE-79
3249,CWE-79
3250,CWE-79
3251,CWE-79
3252,CWE-79
3253,CWE-79
3254,CWE-79
3255,CWE-79
3256,CWE-79
3257,CWE-79
3258,CWE-79
3259,CWE-79
3260,CWE-79
3261,CWE-79
3262,CWE-79
3263,CWE-78
3264,CWE-22
3265,CWE-22
3266,CWE-22
3267,CWE-22
3268,CWE-22
3272,CWE-22
3273,CWE-22
3274,CWE-79
3275,CWE-79
3276,CWE-79
3277,CWE-79
3278,CWE-79
3279,CWE-79
3280,CWE-79
3281,CWE-79
3282,CWE-79
3283,CWE-79
3284,CWE-79
3285,CWE-79
3286,CWE-79
3287,CWE-79
3288,CWE-79
3290,CWE-22
3291,CWE-22
3292,CWE-22
3293,CWE-22
3294,CWE-78
3295,CWE-78
3296,CWE-78
3297,CWE-78
3298,CWE-78
3299,CWE-78
3300,CWE-78
3301,CWE-78
3302,CWE-78
3303,CWE-200
3304,CWE-79
3306,CWE-200
3307,CWE-200
3308,CWE-16
3309,CWE-16
3310,CWE-16
3311,CWE-200
3312,CWE-22
3313,CWE-22
3314,CWE-200
3315,CWE-200
3318,CWE-78
3319,CWE-22
3320,CWE-200
3321,CWE-22
3322,CWE-78
3323,CWE-79
3324,CWE-22
3325,CWE-22
3326,CWE-22
3327,CWE-22
3329,CWE-200
3330,CWE-200
3334,CWE-78
3335,CWE-200
3336,CWE-200
3337,CWE-200
3338,CWE-78
3339,CWE-200
3340,CWE-78
3341,CWE-78
3342,CWE-200
3343,CWE-200
3345,CWE-22
3346,CWE-22
3347,CWE-79
3348,CWE-79
3349,CWE-79
3350,CWE-22
3351,CWE-79
3354,CWE-22
3355,CWE-79
3356,CWE-79
3357,CWE-200
3358,CWE-200
3359,CWE-22
3360,CWE-200
3361,CWE-22
3362,CWE-22
3363,CWE-22
3364,CWE-22
3365,CWE-22
3366,CWE-22
3367,CWE-22
3368,CWE-22
3369,CWE-22
3370,CWE-78
3371,CWE-78
3372,CWE-94
3373,CWE-200
3374,CWE-200
3376,CWE-400
3377,CWE-400
3378,CWE-200
3379,CWE-552
3380,CWE-552
3381,CWE-22
3382,CWE-22
3383,CWE-22
3384,CWE-22
3385,CWE-200
3387,CWE-200
3388,CWE-200
3389,CWE-16
3390,CWE-16
3391,CWE-16
3392,CWE-16
3393,CWE-552
3394,CWE-552
3395,CWE-16
3396,CWE-200
3397,CWE-200
3398,CWE-552
3399,CWE-552
3400,CWE-552
3401,CWE-552
3402,CWE-200
3403,CWE-200
3404,CWE-552
3405,CWE-552
3406,CWE-200
3407,CWE-200
3408,CWE-200
3409,CWE-200
3410,CWE-79
3411,CWE-79
3412,CWE-79
3413,CWE-552
3414,CWE-552
3415,CWE-552
3416,CWE-552
3417,CWE-552
3418,CWE-552
3419,CWE-552
3420,CWE-552
3421,CWE-552
3422,CWE-552
3423,CWE-552
3424,CWE-552
3425,CWE-552
3426,CWE-552
3427,CWE-552
3428,CWE-552
3429,CWE-552
3430,CWE-552
3431,CWE-552
3432,CWE-552
3433,CWE-552
3434,CWE-552
3435,CWE-552
3436,CWE-552
3437,CWE-78
3438,CWE-552
3439,CWE-552
3440,CWE-552
3441,CWE-552
3442,CWE-552
3443,CWE-552
3444,CWE-552
3445,CWE-552
3446,CWE-552
3447,CWE-552
3448,CWE-552
3449,CWE-552
3450,CWE-552
3451,CWE-552
3452,CWE-287
3453,CWE-287
3454,CWE-287
3455,CWE-287
3456,CWE-287
3457,CWE-287
3458,CWE-287
3459,CWE-287
3460,CWE-287
3461,CWE-287
3462,CWE-287
3464,CWE-287
3465,CWE-287
3467,CWE-287
3468,CWE-287
3469,CWE-287
3470,CWE-200
3471,CWE-200
3472,CWE-200
3473,CWE-200
3474,CWE-200
3475,CWE-200
3476,CWE-200
3477,CWE-200
3478,CWE-200
3479,CWE-200
3480,CWE-200
3481,CWE-552
3482,CWE-552
3483,CWE-552
3484,CWE-552
3485,CWE-200
3486,CWE-200
3487,CWE-200
3488,CWE-200
3490,CWE-16
3491,CWE-200
3492,CWE-200
3493,CWE-16
3494,CWE-200
3495,CWE-200
3496,CWE-200
3497,CWE-79
3499,CWE-89
3500,CWE-89
3502,CWE-552
3504,CWE-552
3505,CWE-552
3506,CWE-16
3508,CWE-16
3509,CWE-552
3510,CWE-552
3511,CWE-552
3512,CWE-552
3513,CWE-552
3514,CWE-552
3515,CWE-552
3516,CWE-552
3517,CWE-552
3518,CWE-552
3519,CWE-552
3520,CWE-552
3521,CWE-552
3522,CWE-552
3523,CWE-552
3524,CWE-552
3525,CWE-552
3526,CWE-552
3527,CWE-552
3528,CWE-16
3529,CWE-16
3530,CWE-552
3531,CWE-552
3532,CWE-552
3533,CWE-552
3534,CWE-552
3535,CWE-552
3536,CWE-552
3537,CWE-552
3538,CWE-552
3539,CWE-552
3540,CWE-552
3541,CWE-552
3542,CWE-552
3543,CWE-552
3544,CWE-552
3545,CWE-552
3546,CWE-552
3547,CWE-552
3548,CWE-552
3549,CWE-552
3550,CWE-552
3551,CWE-552
3552,CWE-552
3553,CWE-552
3554,CWE-552
3555,CWE-200
3556,CWE-200
3557,CWE-200
3558,CWE-434
3559,CWE-434
3560,CWE-434
3561,CWE-434
3562,CWE-434
3563,CWE-434
3564,CWE-16
3565,CWE-16
3566,CWE-16
3567,CWE-16
3569,CWE-200
3570,CWE-200
3572,CWE-200
3573,CWE-200
3574,CWE-200
3575,CWE-200
3576,CWE-200
3580,CWE-200
3581,CWE-20
3582,CWE-200
3583,CWE-200
3592,CWE-20
3593,CWE-200
3595,CWE-79
3596,CWE-79
3597,CWE-79
3599,CWE-200
3600,CWE-200
3601,CWE-200
3602,CWE-200
3603,CWE-200
3604,CWE-200
3605,CWE-200
3606,CWE-200
3607,CWE-200
3608,CWE-200
3609,CWE-200
3610,CWE-200
3611,CWE-200
3612,CWE-200
3613,CWE-200
3614,CWE-200
3615,CWE-200
3616,CWE-200
3617,CWE-200
3618,CWE-200
3619,CWE-200
3620,CWE-200
3621,CWE-200
3622,CWE-200
3623,CWE-200
3624,CWE-200
3625,CWE-200
3626,CWE-200
3627,CWE-200
3628,CWE-200
3629,CWE-200
3630,CWE-200
3631,CWE-200
3632,CWE-200
3633,CWE-200
3634,CWE-200
3635,CWE-200
3636,CWE-200
3637,CWE-200
3638,CWE-200
3639,CWE-200
3640,CWE-200
3641,CWE-200
3642,CWE-200
3643,CWE-200
3644,CWE-200
3645,CWE-200
3646,CWE-200
3647,CWE-200
3648,CWE-200
3649,CWE-200
3650,CWE-200
3651,CWE-200
3652,CWE-200
3653,CWE-200
3654,CWE-200
3655,CWE-200
3656,CWE-200
3657,CWE-200
3658,CWE-200
3659,CWE-200
3660,CWE-200
3661,CWE-200
3662,CWE-200
3663,CWE-200
3664,CWE-200
3665,CWE-200
3666,CWE-200
3667,CWE-200
3668,CWE-200
3669,CWE-200
3670,CWE-200
3671,CWE-200
3672,CWE-200
3673,CWE-200
3674,CWE-200
3675,CWE-200
3676,CWE-200
3677,CWE-200
3678,CWE-200
3679,CWE-200
3680,CWE-200
3681,CWE-200
3682,CWE-200
3683,CWE-200
3684,CWE-200
3685,CWE-200
3686,CWE-200
3687,CWE-200
3688,CWE-200
3689,CWE-200
3690,CWE-200
3691,CWE-200
3692,CWE-200
3693,CWE-200
3694,CWE-200
3695,CWE-200
3696,CWE-200
3697,CWE-200
3698,CWE-200
3699,CWE-200
3700,CWE-200
3701,CWE-200
3702,CWE-200
3703,CWE-200
3704,CWE-200
3705,CWE-200
3706,CWE-200
3707,CWE-200
3708,CWE-200
3709,CWE-200
3710,CWE-200
3711,CWE-200
3712,CWE-200
3713,CWE-200
3714,CWE-200
3715,CWE-200
3716,CWE-200
3717,CWE-200
3718,CWE-200
3719,CWE-200
3720,CWE-200
3721,CWE-200
3722,CWE-200
3723,CWE-200
3724,CWE-200
3725,CWE-200
3726,CWE-200
3727,CWE-200
3728,CWE-200
3729,CWE-200
3730,CWE-200
3731,CWE-200
3732,CWE-200
3733,CWE-200
3734,CWE-200
3735,CWE-200
3736,CWE-200
3737,CWE-200
3738,CWE-200
3739,CWE-200
3740,CWE-200
3741,CWE-200
3742,CWE-200
3743,CWE-200
3744,CWE-200
3745,CWE-200
3746,CWE-200
3747,CWE-200
3748,CWE-200
3749,CWE-200
3750,CWE-200
3751,CWE-200
3752,CWE-200
3753,CWE-200
3754,CWE-200
3755,CWE-200
3756,CWE-200
3757,CWE-200
3758,CWE-200
3759,CWE-200
3760,CWE-200
3761,CWE-200
3762,CWE-200
3763,CWE-200
3764,CWE-200
3765,CWE-200
3766,CWE-200
3767,CWE-200
3768,CWE-200
3769,CWE-200
3770,CWE-200
3771,CWE-200
3772,CWE-200
3773,CWE-200
3774,CWE-200
3775,CWE-200
3776,CWE-200
3777,CWE-200
3778,CWE-200
3779,CWE-200
3780,CWE-200
3781,CWE-200
3782,CWE-200
3783,CWE-200
3784,CWE-200
3785,CWE-200
3786,CWE-200
3787,CWE-200
3788,CWE-200
3789,CWE-200
3790,CWE-200
3791,CWE-200
3792,CWE-200
3793,CWE-200
3794,CWE-200
3795,CWE-200
3796,CWE-200
3797,CWE-200
3798,CWE-200
3799,CWE-200
3800,CWE-200
3801,CWE-200
3802,CWE-200
3803,CWE-200
3804,CWE-200
3805,CWE-200
3806,CWE-200
3807,CWE-200
3808,CWE-200
3809,CWE-200
3810,CWE-200
3811,CWE-200
3812,CWE-200
3813,CWE-200
3814,CWE-200
3815,CWE-200
3816,CWE-200
3817,CWE-200
3818,CWE-200
3819,CWE-200
3820,CWE-200
3821,CWE-200
3822,CWE-200
3823,CWE-200
3824,CWE-200
3825,CWE-200
3826,CWE-200
3827,CWE-200
3828,CWE-200
3829,CWE-200
3830,CWE-200
3831,CWE-200
3832,CWE-200
3833,CWE-200
3834,CWE-200
3835,CWE-200
3836,CWE-200
3837,CWE-200
3838,CWE-200
3839,CWE-200
3840,CWE-200
3841,CWE-200
3842,CWE-200
3843,CWE-200
3844,CWE-200
3845,CWE-200
3846,CWE-284
3848,CWE-200
3849,CWE-94
3850,CWE-94
3851,CWE-94
3852,CWE-94
3853,CWE-94
3854,CWE-94
3855,CWE-94
3856,CWE-94
3857,CWE-94
3858,CWE-94
3859,CWE-94
3860,CWE-94
3861,CWE-94
3862,CWE-94
3863,CWE-94
3864,CWE-94
3865,CWE-94
3866,CWE-94
3867,CWE-94
3868,CWE-94
3869,CWE-94
3870,CWE-94
3871,CWE-94
3872,CWE-94
3873,CWE-94
3874,CWE-94
3875,CWE-94
3876,CWE-94
3877,CWE-94
3878,CWE-94
3879,CWE-94
3880,CWE-94
3881,CWE-94
3882,CWE-94
3883,CWE-94
3884,CWE-94
3885,CWE-94
3886,CWE-94
3887,CWE-94
3888,CWE-94
3889,CWE-94
3890,CWE-94
3891,CWE-94
3892,CWE-94
3893,CWE-94
3894,CWE-94
3895,CWE-94
3896,CWE-94
3897,CWE-94
3898,CWE-94
3899,CWE-94
3900,CWE-94
3901,CWE-94
3902,CWE-94
3903,CWE-94
3904,CWE-94
3905,CWE-94
3906,CWE-94
3907,CWE-94
3908,CWE-94
3909,CWE-94
3910,CWE-94
3911,CWE-94
3912,CWE-94
3913,CWE-94
3914,CWE-94
3915,CWE-94
3916,CWE-94
3917,CWE-94
3918,CWE-94
3919,CWE-94
3920,CWE-94
3921,CWE-94
3922,CWE-94
3923,CWE-94
3924,CWE-94
3925,CWE-94
3926,CWE-94
3927,CWE-94
3928,CWE-94
3929,CWE-94
3930,CWE-94
3931,CWE-94
3932,CWE-94
3933,CWE-94
3934,CWE-94
3935,CWE-94
3936,CWE-94
3937,CWE-94
3938,CWE-94
3939,CWE-94
3940,CWE-94
3941,CWE-94
3942,CWE-94
3943,CWE-94
3944,CWE-94
3945,CWE-94
3946,CWE-94
3947,CWE-94
3948,CWE-94
3949,CWE-94
3950,CWE-94
3951,CWE-94
3952,CWE-94
3953,CWE-94
3954,CWE-94
3955,CWE-94
3956,CWE-94
3957,CWE-94
3958,CWE-94
3959,CWE-94
3960,CWE-94
3961,CWE-94
3962,CWE-94
3963,CWE-94
3964,CWE-94
3965,CWE-94
3966,CWE-94
3967,CWE-94
3968,CWE-94
3969,CWE-94
3970,CWE-94
3971,CWE-94
3972,CWE-94
3973,CWE-94
3974,CWE-94
3975,CWE-94
3976,CWE-94
3977,CWE-94
3978,CWE-94
3979,CWE-94
3980,CWE-94
3981,CWE-94
3982,CWE-94
3983,CWE-94
3984,CWE-94
3985,CWE-94
3986,CWE-94
3987,CWE-94
3988,CWE-94
3989,CWE-94
3990,CWE-94
3991,CWE-94
3992,CWE-94
3993,CWE-94
3994,CWE-94
3995,CWE-94
3996,CWE-94
3997,CWE-94
3998,CWE-94
3999,CWE-94
4000,CWE-94
4001,CWE-94
4002,CWE-94
4003,CWE-94
4004,CWE-94
4005,CWE-94
4006,CWE-94
4007,CWE-94
4008,CWE-94
4009,CWE-94
4010,CWE-94
4011,CWE-94
4012,CWE-94
4013,CWE-94
4014,CWE-94
4015,CWE-94
4016,CWE-94
4017,CWE-94
4018,CWE-94
4019,CWE-94
4020,CWE-94
4021,CWE-94
4022,CWE-94
4023,CWE-94
4024,CWE-94
4025,CWE-94
4026,CWE-94
4027,CWE-94
4028,CWE-94
4029,CWE-94
4030,CWE-94
4031,CWE-94
4032,CWE-94
4033,CWE-94
4034,CWE-94
4035,CWE-94
4036,CWE-94
4037,CWE-94
4038,CWE-94
4039,CWE-94
4040,CWE-94
4041,CWE-94
4042,CWE-94
4043,CWE-94
4044,CWE-94
4045,CWE-94
4046,CWE-94
4047,CWE-94
4048,CWE-94
4049,CWE-94
4050,CWE-94
4051,CWE-94
4053,CWE-94
4054,CWE-94
4055,CWE-94
4056,CWE-94
4057,CWE-94
4058,CWE-94
4059,CWE-94
4060,CWE-94
4061,CWE-94
4062,CWE-94
4063,CWE-94
4064,CWE-94
4065,CWE-94
4066,CWE-94
4067,CWE-94
4068,CWE-94
4069,CWE-94
4070,CWE-94
4071,CWE-94
4072,CWE-94
4073,CWE-94
4074,CWE-94
4075,CWE-94
4076,CWE-94
4077,CWE-94
4078,CWE-94
4079,CWE-94
4080,CWE-94
4081,CWE-94
4082,CWE-94
4083,CWE-94
4084,CWE-94
4085,CWE-94
4086,CWE-94
4087,CWE-94
4088,CWE-94
4089,CWE-94
4090,CWE-94
4091,CWE-94
4092,CWE-94
4093,CWE-94
4094,CWE-94
4095,CWE-94
4096,CWE-94
4097,CWE-94
4098,CWE-94
4099,CWE-94
4100,CWE-94
4101,CWE-94
4102,CWE-94
4103,CWE-94
4104,CWE-94
4105,CWE-94
4106,CWE-94
4107,CWE-94
4108,CWE-94
4109,CWE-94
4110,CWE-94
4111,CWE-94
4112,CWE-94
4113,CWE-94
4114,CWE-94
4115,CWE-94
4116,CWE-94
4117,CWE-94
4118,CWE-94
4119,CWE-94
4120,CWE-94
4121,CWE-94
4122,CWE-94
4123,CWE-94
4124,CWE-94
4125,CWE-94
4126,CWE-94
4127,CWE-94
4128,CWE-94
4129,CWE-94
4130,CWE-94
4131,CWE-94
4132,CWE-94
4133,CWE-94
4134,CWE-94
4135,CWE-94
4136,CWE-94
4137,CWE-94
4138,CWE-94
4139,CWE-94
4140,CWE-94
4141,CWE-94
4142,CWE-94
4143,CWE-94
4144,CWE-94
4145,CWE-94
4146,CWE-94
4147,CWE-94
4148,CWE-94
4149,CWE-94
4150,CWE-94
4151,CWE-94
4152,CWE-94
4153,CWE-94
4154,CWE-94
4155,CWE-94
4156,CWE-94
4157,CWE-94
4158,CWE-94
4159,CWE-94
4160,CWE-94
4161,CWE-94
4162,CWE-94
4163,CWE-94
4164,CWE-94
4165,CWE-94
4166,CWE-94
4167,CWE-94
4168,CWE-94
4169,CWE-94
4170,CWE-94
4171,CWE-94
4172,CWE-94
4173,CWE-94
4174,CWE-94
4175,CWE-94
4176,CWE-94
4177,CWE-94
4178,CWE-94
4179,CWE-94
4180,CWE-94
4181,CWE-94
4182,CWE-94
4183,CWE-94
4184,CWE-94
4185,CWE-94
4186,CWE-94
4187,CWE-94
4188,CWE-94
4189,CWE-94
4190,CWE-94
4191,CWE-94
4192,CWE-94
4193,CWE-94
4194,CWE-94
4195,CWE-94
4196,CWE-94
4197,CWE-94
4198,CWE-94
4199,CWE-94
4200,CWE-94
4201,CWE-94
4202,CWE-94
4203,CWE-94
4204,CWE-94
4205,CWE-94
4206,CWE-94
4207,CWE-94
4208,CWE-94
4209,CWE-94
4210,CWE-94
4211,CWE-94
4212,CWE-94
4213,CWE-94
4214,CWE-94
4215,CWE-94
4216,CWE-94
4217,CWE-94
4218,CWE-94
4219,CWE-94
4220,CWE-94
4221,CWE-94
4222,CWE-94
4223,CWE-94
4224,CWE-94
4225,CWE-94
4226,CWE-94
4227,CWE-94
4228,CWE-94
4229,CWE-94
4230,CWE-94
4231,CWE-94
4232,CWE-94
4233,CWE-94
4234,CWE-94
4235,CWE-94
4236,CWE-94
4237,CWE-94
4238,CWE-94
4239,CWE-94
4240,CWE-94
4241,CWE-94
4242,CWE-94
4243,CWE-94
4244,CWE-94
4245,CWE-94
4246,CWE-94
4247,CWE-94
4248,CWE-94
4249,CWE-94
4250,CWE-94
4251,CWE-94
4252,CWE-94
4253,CWE-94
4254,CWE-94
4255,CWE-94
4256,CWE-94
4257,CWE-94
4258,CWE-94
4259,CWE-94
4260,CWE-94
4261,CWE-94
4262,CWE-94
4263,CWE-94
4264,CWE-94
4265,CWE-94
4266,CWE-94
4267,CWE-94
4268,CWE-94
4269,CWE-94
4270,CWE-94
4271,CWE-94
4272,CWE-94
4273,CWE-94
4274,CWE-94
4275,CWE-94
4276,CWE-94
4277,CWE-94
4278,CWE-94
4279,CWE-94
4280,CWE-94
4281,CWE-94
4282,CWE-94
4283,CWE-94
4284,CWE-94
4285,CWE-94
4286,CWE-94
4287,CWE-94
4288,CWE-94
4289,CWE-94
4290,CWE-94
4291,CWE-94
4292,CWE-94
4293,CWE-94
4294,CWE-94
4295,CWE-94
4296,CWE-94
4297,CWE-94
4298,CWE-94
4299,CWE-94
4300,CWE-94
4301,CWE-94
4302,CWE-94
4303,CWE-94
4304,CWE-94
4305,CWE-94
4306,CWE-94
4307,CWE-94
4308,CWE-94
4309,CWE-94
4310,CWE-94
4311,CWE-94
4312,CWE-94
4313,CWE-94
4314,CWE-94
4315,CWE-94
4316,CWE-94
4317,CWE-94
4318,CWE-94
4319,CWE-94
4320,CWE-94
4321,CWE-94
4322,CWE-94
4323,CWE-94
4324,CWE-94
4325,CWE-94
4326,CWE-94
4327,CWE-94
4328,CWE-94
4329,CWE-94
4330,CWE-94
4331,CWE-94
4332,CWE-94
4333,CWE-94
4334,CWE-94
4335,CWE-94
4336,CWE-94
4337,CWE-94
4338,CWE-94
4339,CWE-94
4340,CWE-94
4341,CWE-94
4342,CWE-94
4343,CWE-94
4344,CWE-94
4345,CWE-94
4346,CWE-94
4347,CWE-94
4348,CWE-94
4349,CWE-94
4350,CWE-94
4351,CWE-94
4352,CWE-94
4353,CWE-94
4354,CWE-94
4355,CWE-94
4356,CWE-94
4357,CWE-94
4358,CWE-94
4359,CWE-94
4360,CWE-94
4361,CWE-94
4362,CWE-94
4363,CWE-94
4364,CWE-94
4365,CWE-94
4366,CWE-94
4367,CWE-94
4368,CWE-94
4369,CWE-94
4370,CWE-94
4371,CWE-94
4372,CWE-94
4373,CWE-94
4374,CWE-94
4375,CWE-94
4376,CWE-94
4377,CWE-94
4378,CWE-94
4379,CWE-94
4380,CWE-94
4381,CWE-94
4382,CWE-94
4383,CWE-94
4384,CWE-94
4385,CWE-94
4386,CWE-94
4387,CWE-94
4388,CWE-94
4389,CWE-94
4390,CWE-94
4391,CWE-94
4392,CWE-94
4393,CWE-94
4394,CWE-94
4395,CWE-94
4396,CWE-94
4397,CWE-94
4398,CWE-94
4399,CWE-94
4400,CWE-94
4401,CWE-94
4402,CWE-94
4403,CWE-94
4404,CWE-94
4405,CWE-94
4406,CWE-94
4407,CWE-94
4408,CWE-94
4409,CWE-94
4410,CWE-94
4411,CWE-94
4412,CWE-94
4413,CWE-94
4414,CWE-94
4415,CWE-94
4416,CWE-94
4417,CWE-94
4418,CWE-94
4419,CWE-94
4420,CWE-94
4421,CWE-94
4422,CWE-94
4423,CWE-94
4424,CWE-94
4425,CWE-94
4426,CWE-94
4427,CWE-94
4428,CWE-94
4429,CWE-94
4430,CWE-94
4431,CWE-94
4432,CWE-94
4433,CWE-94
4434,CWE-94
4435,CWE-94
4436,CWE-94
4437,CWE-94
4438,CWE-94
4439,CWE-94
4440,CWE-94
4441,CWE-94
4442,CWE-94
4443,CWE-94
4444,CWE-94
4445,CWE-94
4446,CWE-94
4447,CWE-94
4448,CWE-94
4449,CWE-94
4450,CWE-94
4451,CWE-94
4452,CWE-94
4453,CWE-94
4454,CWE-94
4455,CWE-94
4456,CWE-94
4457,CWE-94
4458,CWE-94
4459,CWE-94
4460,CWE-94
4461,CWE-94
4462,CWE-94
4463,CWE-94
4464,CWE-94
4465,CWE-94
4466,CWE-94
4467,CWE-94
4468,CWE-94
4469,CWE-94
4470,CWE-94
4471,CWE-94
4472,CWE-94
4473,CWE-94
4474,CWE-94
4475,CWE-94
4476,CWE-94
4477,CWE-94
4478,CWE-94
4479,CWE-94
4480,CWE-94
4481,CWE-94
4482,CWE-94
4483,CWE-94
4484,CWE-94
4485,CWE-94
4486,CWE-94
4487,CWE-94
4488,CWE-94
4489,CWE-94
4490,CWE-94
4491,CWE-94
4492,CWE-94
4493,CWE-94
4494,CWE-94
4495,CWE-94
4496,CWE-94
4497,CWE-94
4498,CWE-94
4499,CWE-94
4500,CWE-94
4501,CWE-94
4502,CWE-94
4503,CWE-94
4504,CWE-94
4505,CWE-94
4506,CWE-94
4507,CWE-94
4508,CWE-94
4509,CWE-94
4510,CWE-94
4511,CWE-94
4512,CWE-94
4513,CWE-94
4514,CWE-94
4515,CWE-94
4516,CWE-94
4517,CWE-94
4518,CWE-94
4519,CWE-94
4520,CWE-94
4521,CWE-94
4522,CWE-94
4523,CWE-94
4524,CWE-94
4525,CWE-94
4526,CWE-94
4527,CWE-94
4528,CWE-94
4529,CWE-94
4530,CWE-94
4531,CWE-94
4532,CWE-94
4533,CWE-94
4534,CWE-94
4535,CWE-94
4536,CWE-94
4537,CWE-94
4538,CWE-94
4539,CWE-94
4541,CWE-94
4542,CWE-94
4543,CWE-94
4544,CWE-94
4545,CWE-94
4546,CWE-94
4547,CWE-94
4548,CWE-94
4549,CWE-94
4550,CWE-94
4551,CWE-94
4552,CWE-94
4553,CWE-94
4554,CWE-94
4555,CWE-94
4556,CWE-94
4557,CWE-94
4558,CWE-94
4559,CWE-94
4560,CWE-94
4561,CWE-94
4562,CWE-94
4563,CWE-94
4564,CWE-94
4565,CWE-94
4566,CWE-94
4567,CWE-94
4568,CWE-94
4569,CWE-94
4570,CWE-94
4571,CWE-94
4572,CWE-94
4573,CWE-94
4574,CWE-94
4575,CWE-94
4576,CWE-94
4577,CWE-94
4578,CWE-94
4579,CWE-94
4580,CWE-94
4581,CWE-94
4582,CWE-94
4583,CWE-94
4584,CWE-94
4585,CWE-94
4586,CWE-94
4587,CWE-94
4588,CWE-94
4589,CWE-94
4590,CWE-94
4591,CWE-94
4592,CWE-94
4593,CWE-94
4594,CWE-94
4595,CWE-94
4596,CWE-94
4597,CWE-94
4598,CWE-94
4599,CWE-94
4600,CWE-94
4601,CWE-94
4602,CWE-94
4603,CWE-94
4604,CWE-94
4605,CWE-94
4606,CWE-94
4608,CWE-94
4609,CWE-94
4610,CWE-94
4611,CWE-94
4612,CWE-94
4613,CWE-94
4614,CWE-94
4615,CWE-94
4616,CWE-94
4617,CWE-94
4618,CWE-94
4619,CWE-94
4620,CWE-94
4621,CWE-94
4622,CWE-94
4623,CWE-94
4624,CWE-94
4625,CWE-94
4626,CWE-94
4627,CWE-94
4628,CWE-94
4629,CWE-94
4630,CWE-94
4631,CWE-94
4632,CWE-94
4633,CWE-94
4634,CWE-94
4635,CWE-94
4636,CWE-94
4637,CWE-94
4638,CWE-94
4639,CWE-94
4640,CWE-94
4641,CWE-94
4642,CWE-94
4643,CWE-94
4644,CWE-94
4645,CWE-94
4646,CWE-94
4647,CWE-94
4648,CWE-94
4649,CWE-94
4650,CWE-94
4651,CWE-94
4652,CWE-94
4653,CWE-94
4654,CWE-94
4655,CWE-94
4656,CWE-94
4657,CWE-94
4658,CWE-94
4659,CWE-94
4660,CWE-94
4661,CWE-94
4662,CWE-94
4663,CWE-94
4664,CWE-94
4665,CWE-94
4666,CWE-94
4667,CWE-94
4668,CWE-94
4669,CWE-94
4670,CWE-94
4671,CWE-94
4672,CWE-94
4673,CWE-94
4674,CWE-94
4675,CWE-94
4676,CWE-94
4677,CWE-94
4678,CWE-94
4679,CWE-94
4680,CWE-94
4681,CWE-94
4682,CWE-94
4683,CWE-94
4684,CWE-94
4685,CWE-94
4686,CWE-94
4687,CWE-94
4688,CWE-94
4689,CWE-94
4690,CWE-94
4691,CWE-94
4692,CWE-94
4693,CWE-94
4694,CWE-94
4695,CWE-94
4696,CWE-94
4698,CWE-94
4699,CWE-94
4700,CWE-94
4701,CWE-94
4702,CWE-94
4703,CWE-94
4704,CWE-94
4705,CWE-94
4706,CWE-94
4707,CWE-94
4708,CWE-94
4709,CWE-94
4710,CWE-94
4711,CWE-94
4712,CWE-94
4713,CWE-94
4714,CWE-94
4715,CWE-94
4716,CWE-94
4717,CWE-94
4718,CWE-94
4719,CWE-94
4720,CWE-94
4721,CWE-94
4722,CWE-94
4723,CWE-94
4724,CWE-94
4725,CWE-94
4726,CWE-94
4727,CWE-94
4728,CWE-94
4729,CWE-94
4730,CWE-94
4731,CWE-94
4732,CWE-94
4733,CWE-94
4734,CWE-94
4735,CWE-94
4736,CWE-94
4737,CWE-94
4738,CWE-94
4739,CWE-94
4740,CWE-94
4741,CWE-94
4742,CWE-94
4743,CWE-94
4744,CWE-94
4745,CWE-94
4746,CWE-94
4747,CWE-94
4748,CWE-94
4749,CWE-94
4750,CWE-94
4751,CWE-94
4752,CWE-94
4753,CWE-94
4754,CWE-94
4755,CWE-94
4756,CWE-94
4757,CWE-94
4758,CWE-94
4759,CWE-94
4760,CWE-94
4761,CWE-94
4762,CWE-94
4763,CWE-94
4764,CWE-94
4765,CWE-94
4766,CWE-94
4767,CWE-94
4768,CWE-94
4769,CWE-94
4770,CWE-94
4771,CWE-94
4772,CWE-94
4773,CWE-94
4774,CWE-94
4775,CWE-94
4776,CWE-94
4777,CWE-94
4778,CWE-94
4779,CWE-94
4780,CWE-94
4781,CWE-94
4782,CWE-94
4783,CWE-94
4784,CWE-94
4785,CWE-94
4786,CWE-94
4787,CWE-94
4788,CWE-94
4789,CWE-94
4790,CWE-94
4791,CWE-94
4792,CWE-94
4793,CWE-94
4794,CWE-94
4795,CWE-94
4797,CWE-94
4798,CWE-94
4799,CWE-94
4800,CWE-94
4801,CWE-94
4802,CWE-94
4803,CWE-94
4804,CWE-94
4805,CWE-94
4806,CWE-94
4807,CWE-94
4808,CWE-94
4809,CWE-94
4810,CWE-94
4811,CWE-94
4812,CWE-94
4813,CWE-94
4814,CWE-94
4815,CWE-94
4816,CWE-94
4817,CWE-94
4818,CWE-94
4819,CWE-94
4820,CWE-94
4821,CWE-94
4822,CWE-94
4823,CWE-94
4824,CWE-94
4825,CWE-94
4826,CWE-94
4827,CWE-94
4829,CWE-94
4830,CWE-94
4831,CWE-94
4832,CWE-94
4833,CWE-94
4834,CWE-94
4835,CWE-94
4836,CWE-94
4837,CWE-94
4838,CWE-94
4839,CWE-94
4840,CWE-94
4841,CWE-94
4842,CWE-94
4843,CWE-94
4844,CWE-94
4845,CWE-94
4846,CWE-94
4847,CWE-94
4848,CWE-94
4849,CWE-94
4850,CWE-94
4851,CWE-94
4852,CWE-94
4853,CWE-94
4854,CWE-94
4855,CWE-94
4856,CWE-94
4857,CWE-94
4858,CWE-94
4859,CWE-94
4860,CWE-94
4861,CWE-94
4862,CWE-94
4863,CWE-94
4864,CWE-94
4865,CWE-94
4866,CWE-94
4867,CWE-94
4868,CWE-94
4869,CWE-94
4870,CWE-94
4871,CWE-94
4872,CWE-94
4873,CWE-94
4874,CWE-94
4875,CWE-94
4876,CWE-94
4877,CWE-94
4878,CWE-94
4879,CWE-94
4880,CWE-94
4881,CWE-94
4882,CWE-94
4883,CWE-94
4884,CWE-94
4885,CWE-94
4886,CWE-94
4887,CWE-94
4888,CWE-94
4889,CWE-94
4890,CWE-94
4891,CWE-94
4892,CWE-94
4893,CWE-94
4894,CWE-94
4895,CWE-94
4896,CWE-94
4897,CWE-94
4898,CWE-94
4899,CWE-94
4900,CWE-94
4901,CWE-94
4902,CWE-94
4903,CWE-94
4904,CWE-94
4905,CWE-94
4906,CWE-94
4907,CWE-94
4908,CWE-94
4909,CWE-94
4910,CWE-94
4911,CWE-94
4912,CWE-94
4913,CWE-94
4915,CWE-94
4916,CWE-94
4917,CWE-94
4918,CWE-94
4919,CWE-94
4920,CWE-94
4921,CWE-94
4922,CWE-94
4923,CWE-94
4924,CWE-94
4925,CWE-94
4926,CWE-94
4927,CWE-94
4928,CWE-94
4929,CWE-94
4930,CWE-94
4931,CWE-94
4932,CWE-94
4933,CWE-94
4934,CWE-94
4935,CWE-94
4936,CWE-94
4937,CWE-94
4938,CWE-94
4939,CWE-94
4940,CWE-94
4941,CWE-94
4942,CWE-94
4943,CWE-94
4944,CWE-94
4945,CWE-94
4946,CWE-94
4947,CWE-94
4948,CWE-94
4949,CWE-94
4950,CWE-94
4951,CWE-94
4952,CWE-94
4953,CWE-94
4954,CWE-94
4955,CWE-94
4956,CWE-94
4957,CWE-94
4958,CWE-94
4959,CWE-94
4960,CWE-94
4961,CWE-94
4962,CWE-94
4963,CWE-94
4964,CWE-94
4965,CWE-94
4966,CWE-94
4967,CWE-94
4968,CWE-94
4969,CWE-94
4970,CWE-94
4971,CWE-94
4972,CWE-94
4973,CWE-94
4974,CWE-94
4975,CWE-94
4976,CWE-94
4977,CWE-94
4978,CWE-94
4979,CWE-94
4980,CWE-94
4981,CWE-94
4982,CWE-94
4983,CWE-94
4984,CWE-94
4985,CWE-94
4986,CWE-94
4987,CWE-94
4988,CWE-94
4989,CWE-94
4990,CWE-94
4991,CWE-94
4992,CWE-94
4993,CWE-94
4994,CWE-94
4995,CWE-94
4996,CWE-94
4997,CWE-94
4998,CWE-94
4999,CWE-94
5000,CWE-94
5001,CWE-94
5002,CWE-94
5003,CWE-94
5004,CWE-94
5005,CWE-94
5006,CWE-94
5007,CWE-94
5008,CWE-94
5009,CWE-94
5010,CWE-94
5011,CWE-94
5012,CWE-94
5013,CWE-94
5014,CWE-94
5015,CWE-94
5016,CWE-94
5017,CWE-94
5018,CWE-94
5019,CWE-94
5020,CWE-94
5021,CWE-94
5022,CWE-94
5023,CWE-94
5024,CWE-94
5025,CWE-94
5026,CWE-94
5027,CWE-94
5028,CWE-94
5029,CWE-94
5030,CWE-94
5031,CWE-94
5032,CWE-94
5033,CWE-94
5034,CWE-94
5035,CWE-94
5036,CWE-94
5037,CWE-94
5038,CWE-94
5039,CWE-94
5040,CWE-94
5041,CWE-94
5042,CWE-94
5043,CWE-94
5044,CWE-94
5045,CWE-94
5046,CWE-94
5047,CWE-94
5048,CWE-94
5049,CWE-94
5050,CWE-94
5051,CWE-94
5052,CWE-94
5053,CWE-94
5054,CWE-94
5055,CWE-94
5056,CWE-94
5057,CWE-94
5058,CWE-94
5059,CWE-94
5060,CWE-94
5061,CWE-94
5062,CWE-94
5063,CWE-94
5064,CWE-94
5065,CWE-94
5066,CWE-94
5067,CWE-94
5068,CWE-94
5069,CWE-94
5070,CWE-94
5071,CWE-94
5072,CWE-94
5073,CWE-94
5074,CWE-94
5075,CWE-94
5076,CWE-94
5077,CWE-94
5078,CWE-94
5079,CWE-94
5080,CWE-94
5081,CWE-94
5082,CWE-94
5083,CWE-94
5084,CWE-94
5085,CWE-94
5086,CWE-94
5087,CWE-94
5088,CWE-94
5089,CWE-94
5090,CWE-94
5091,CWE-94
5092,CWE-94
5093,CWE-94
5094,CWE-94
5095,CWE-94
5096,CWE-94
5097,CWE-94
5098,CWE-94
5099,CWE-94
5100,CWE-94
5101,CWE-94
5102,CWE-94
5103,CWE-94
5104,CWE-94
5105,CWE-94
5106,CWE-94
5107,CWE-94
5108,CWE-94
5109,CWE-94
5110,CWE-94
5111,CWE-94
5112,CWE-94
5113,CWE-94
5114,CWE-94
5115,CWE-94
5116,CWE-94
5117,CWE-94
5118,CWE-94
5119,CWE-94
5120,CWE-94
5121,CWE-94
5122,CWE-94
5123,CWE-94
5124,CWE-94
5125,CWE-94
5126,CWE-94
5127,CWE-94
5128,CWE-94
5129,CWE-94
5130,CWE-94
5131,CWE-94
5132,CWE-94
5133,CWE-94
5134,CWE-94
5135,CWE-94
5136,CWE-94
5137,CWE-94
5138,CWE-94
5139,CWE-94
5140,CWE-94
5141,CWE-94
5142,CWE-94
5143,CWE-94
5144,CWE-94
5145,CWE-94
5146,CWE-94
5147,CWE-94
5148,CWE-94
5149,CWE-94
5150,CWE-94
5151,CWE-94
5152,CWE-94
5153,CWE-94
5154,CWE-94
5155,CWE-94
5156,CWE-94
5157,CWE-94
5158,CWE-94
5159,CWE-94
5160,CWE-94
5161,CWE-94
5162,CWE-94
5163,CWE-94
5164,CWE-94
5165,CWE-94
5166,CWE-94
5167,CWE-94
5168,CWE-94
5169,CWE-94
5170,CWE-94
5171,CWE-94
5172,CWE-94
5173,CWE-94
5174,CWE-94
5175,CWE-94
5176,CWE-94
5177,CWE-94
5178,CWE-94
5179,CWE-94
5180,CWE-94
5181,CWE-94
5182,CWE-94
5183,CWE-94
5184,CWE-94
5185,CWE-94
5186,CWE-94
5187,CWE-94
5188,CWE-94
5189,CWE-94
5190,CWE-94
5191,CWE-94
5192,CWE-94
5193,CWE-94
5194,CWE-94
5195,CWE-94
5196,CWE-94
5197,CWE-94
5198,CWE-94
5199,CWE-94
5200,CWE-94
5201,CWE-94
5202,CWE-94
5203,CWE-94
5204,CWE-94
5205,CWE-94
5206,CWE-94
5207,CWE-94
5208,CWE-94
5209,CWE-94
5210,CWE-94
5211,CWE-94
5212,CWE-94
5213,CWE-94
5214,CWE-94
5215,CWE-94
5216,CWE-94
5217,CWE-94
5218,CWE-94
5219,CWE-94
5220,CWE-94
5221,CWE-94
5222,CWE-94
5223,CWE-94
5224,CWE-94
5225,CWE-94
5226,CWE-94
5227,CWE-94
5228,CWE-94
5229,CWE-94
5230,CWE-94
5231,CWE-94
5232,CWE-94
5233,CWE-94
5234,CWE-94
5235,CWE-94
5236,CWE-94
5237,CWE-94
5238,CWE-94
5239,CWE-94
5240,CWE-94
5241,CWE-94
5242,CWE-94
5243,CWE-94
5244,CWE-94
5245,CWE-94
5246,CWE-94
5247,CWE-94
5248,CWE-94
5249,CWE-94
5250,CWE-94
5251,CWE-94
5252,CWE-94
5253,CWE-94
5254,CWE-94
5255,CWE-94
5256,CWE-94
5257,CWE-94
5258,CWE-94
5259,CWE-94
5260,CWE-94
5261,CWE-94
5262,CWE-94
5263,CWE-94
5264,CWE-94
5265,CWE-94
5266,CWE-94
5267,CWE-94
5268,CWE-94
5269,CWE-94
5270,CWE-94
5271,CWE-94
5272,CWE-94
5273,CWE-94
5274,CWE-94
5275,CWE-94
5276,CWE-94
5277,CWE-94
5278,CWE-94
5279,CWE-94
5280,CWE-94
5281,CWE-94
5282,CWE-94
5283,CWE-94
5284,CWE-94
5285,CWE-94
5286,CWE-94
5287,CWE-94
5288,CWE-94
5289,CWE-94
5290,CWE-94
5291,CWE-94
5292,CWE-94
5293,CWE-94
5294,CWE-94
5295,CWE-94
5296,CWE-94
5297,CWE-94
5298,CWE-94
5299,CWE-94
5300,CWE-94
5301,CWE-94
5302,CWE-94
5303,CWE-94
5304,CWE-94
5305,CWE-94
5306,CWE-94
5307,CWE-94
5308,CWE-94
5309,CWE-94
5310,CWE-94
5311,CWE-94
5312,CWE-94
5313,CWE-94
5314,CWE-94
5315,CWE-94
5316,CWE-94
5317,CWE-94
5318,CWE-94
5319,CWE-94
5320,CWE-94
5321,CWE-94
5322,CWE-94
5323,CWE-94
5324,CWE-94
5325,CWE-94
5326,CWE-94
5327,CWE-94
5328,CWE-94
5329,CWE-94
5330,CWE-94
5331,CWE-94
5332,CWE-94
5333,CWE-94
5334,CWE-94
5335,CWE-94
5336,CWE-94
5337,CWE-94
5338,CWE-94
5339,CWE-94
5340,CWE-94
5341,CWE-94
5342,CWE-94
5343,CWE-94
5344,CWE-94
5345,CWE-94
5346,CWE-94
5347,CWE-94
5348,CWE-94
5349,CWE-94
5350,CWE-94
5351,CWE-94
5352,CWE-94
5353,CWE-94
5354,CWE-94
5355,CWE-94
5356,CWE-94
5357,CWE-94
5358,CWE-94
5359,CWE-94
5360,CWE-94
5361,CWE-94
5362,CWE-94
5363,CWE-94
5364,CWE-94
5365,CWE-94
5366,CWE-94
5367,CWE-94
5368,CWE-94
5369,CWE-94
5370,CWE-94
5371,CWE-94
5372,CWE-94
5373,CWE-94
5374,CWE-94
5375,CWE-94
5376,CWE-94
5377,CWE-94
5378,CWE-94
5379,CWE-94
5380,CWE-94
5381,CWE-94
5382,CWE-94
5383,CWE-94
5384,CWE-94
5385,CWE-94
5386,CWE-94
5387,CWE-94
5388,CWE-94
5389,CWE-94
5390,CWE-94
5391,CWE-94
5392,CWE-94
5393,CWE-94
5394,CWE-94
5395,CWE-94
5396,CWE-94
5397,CWE-94
5398,CWE-94
5399,CWE-94
5400,CWE-94
5401,CWE-94
5402,CWE-94
5403,CWE-94
5404,CWE-94
5405,CWE-94
5406,CWE-94
5407,CWE-94
5408,CWE-94
5409,CWE-94
5410,CWE-94
5411,CWE-94
5412,CWE-94
5413,CWE-94
5414,CWE-94
5415,CWE-94
5416,CWE-94
5417,CWE-94
5418,CWE-94
5419,CWE-94
5420,CWE-94
5421,CWE-94
5422,CWE-94
5423,CWE-94
5424,CWE-94
5425,CWE-94
5426,CWE-94
5427,CWE-94
5428,CWE-94
5429,CWE-94
5430,CWE-94
5431,CWE-94
5432,CWE-94
5433,CWE-94
5434,CWE-94
5435,CWE-94
5436,CWE-94
5437,CWE-94
5438,CWE-94
5439,CWE-94
5440,CWE-94
5441,CWE-94
5442,CWE-94
5443,CWE-94
5444,CWE-94
5445,CWE-94
5446,CWE-94
5447,CWE-94
5448,CWE-94
5449,CWE-94
5450,CWE-94
5451,CWE-94
5452,CWE-94
5453,CWE-94
5454,CWE-94
5455,CWE-94
5456,CWE-94
5457,CWE-94
5458,CWE-94
5459,CWE-94
5460,CWE-94
5461,CWE-94
5462,CWE-94
5463,CWE-94
5464,CWE-94
5465,CWE-94
5466,CWE-94
5467,CWE-94
5468,CWE-94
5469,CWE-94
5470,CWE-94
5471,CWE-94
5472,CWE-94
5473,CWE-94
5474,CWE-94
5475,CWE-94
5476,CWE-94
5477,CWE-94
5478,CWE-94
5479,CWE-94
5480,CWE-94
5481,CWE-94
5482,CWE-94
5483,CWE-94
5484,CWE-94
5485,CWE-94
5486,CWE-94
5487,CWE-94
5488,CWE-94
5489,CWE-94
5490,CWE-94
5491,CWE-94
5492,CWE-94
5493,CWE-94
5494,CWE-94
5495,CWE-94
5496,CWE-94
5497,CWE-94
5498,CWE-94
5499,CWE-94
5500,CWE-94
5501,CWE-94
5502,CWE-94
5503,CWE-94
5504,CWE-94
5505,CWE-94
5506,CWE-94
5507,CWE-94
5508,CWE-94
5509,CWE-94
5510,CWE-94
5511,CWE-94
5512,CWE-94
5513,CWE-94
5514,CWE-94
5515,CWE-94
5516,CWE-94
5517,CWE-94
5518,CWE-94
5519,CWE-94
5520,CWE-94
5521,CWE-94
5522,CWE-94
5523,CWE-94
5524,CWE-94
5525,CWE-94
5526,CWE-94
5527,CWE-94
5528,CWE-94
5529,CWE-94
5530,CWE-94
5531,CWE-94
5532,CWE-94
5533,CWE-94
5534,CWE-94
5535,CWE-94
5536,CWE-94
5537,CWE-94
5538,CWE-94
5539,CWE-94
5540,CWE-94
5541,CWE-94
5542,CWE-94
5543,CWE-94
5544,CWE-94
5545,CWE-94
5546,CWE-94
5547,CWE-94
5548,CWE-94
5549,CWE-94
5550,CWE-94
5551,CWE-94
5552,CWE-94
5553,CWE-94
5554,CWE-94
5555,CWE-94
5556,CWE-94
5557,CWE-94
5558,CWE-94
5559,CWE-94
5560,CWE-94
5561,CWE-94
5562,CWE-94
5563,CWE-94
5564,CWE-94
5565,CWE-94
5566,CWE-94
5567,CWE-94
5568,CWE-94
5569,CWE-94
5570,CWE-94
5571,CWE-94
5572,CWE-94
5573,CWE-94
5574,CWE-94
5575,CWE-94
5576,CWE-94
5577,CWE-94
5578,CWE-94
5579,CWE-94
5580,CWE-94
5581,CWE-94
5582,CWE-94
5583,CWE-94
5584,CWE-94
5585,CWE-94
5586,CWE-94
5587,CWE-94
5588,CWE-94
5589,CWE-94
5590,CWE-94
5591,CWE-94
5592,CWE-94
5593,CWE-94
5594,CWE-94
5595,CWE-94
5596,CWE-94
5597,CWE-94
5598,CWE-94
5599,CWE-94
5600,CWE-94
5601,CWE-94
5602,CWE-94
5603,CWE-94
5604,CWE-94
5605,CWE-94
5606,CWE-94
5607,CWE-94
5608,CWE-94
5609,CWE-94
5610,CWE-94
5611,CWE-94
5612,CWE-94
5613,CWE-94
5614,CWE-94
5615,CWE-94
5616,CWE-94
5617,CWE-94
5618,CWE-94
5619,CWE-94
5620,CWE-94
5621,CWE-94
5622,CWE-94
5623,CWE-94
5624,CWE-94
5625,CWE-94
5626,CWE-94
5627,CWE-94
5628,CWE-94
5629,CWE-94
5630,CWE-94
5631,CWE-94
5632,CWE-94
5633,CWE-94
5634,CWE-94
5635,CWE-94
5636,CWE-94
5637,CWE-94
5638,CWE-94
5639,CWE-94
5640,CWE-94
5641,CWE-94
5642,CWE-94
5643,CWE-94
5644,CWE-94
5645,CWE-94
5646,CWE-94
5647,CWE-94
5648,CWE-94
5649,CWE-94
5650,CWE-94
5651,CWE-94
5652,CWE-94
5653,CWE-94
5654,CWE-94
5655,CWE-94
5656,CWE-94
5657,CWE-94
5658,CWE-94
5659,CWE-94
5660,CWE-94
5661,CWE-94
5662,CWE-94
5663,CWE-94
5664,CWE-94
5665,CWE-94
5666,CWE-94
5667,CWE-94
5668,CWE-94
5669,CWE-94
5670,CWE-94
5671,CWE-94
5672,CWE-94
5673,CWE-94
5674,CWE-94
5675,CWE-94
5676,CWE-94
5677,CWE-94
5678,CWE-94
5679,CWE-94
5680,CWE-94
5681,CWE-94
5682,CWE-94
5683,CWE-94
5684,CWE-94
5685,CWE-94
5686,CWE-94
5687,CWE-94
5688,CWE-94
5689,CWE-94
5690,CWE-94
5691,CWE-94
5692,CWE-94
5693,CWE-94
5694,CWE-94
5695,CWE-94
5696,CWE-94
5697,CWE-94
5698,CWE-94
5699,CWE-94
5700,CWE-94
5701,CWE-94
5702,CWE-94
5703,CWE-94
5704,CWE-94
5705,CWE-94
5706,CWE-94
5707,CWE-94
5708,CWE-94
5709,CWE-94
5710,CWE-94
5711,CWE-94
5712,CWE-94
5713,CWE-94
5714,CWE-94
5715,CWE-94
5716,CWE-94
5717,CWE-94
5718,CWE-94
5719,CWE-94
5720,CWE-94
5721,CWE-94
5722,CWE-94
5723,CWE-94
5724,CWE-94
5725,CWE-94
5726,CWE-94
5727,CWE-94
5728,CWE-94
5729,CWE-94
5730,CWE-94
5731,CWE-94
5732,CWE-94
5733,CWE-94
5734,CWE-94
5735,CWE-94
5736,CWE-94
5737,CWE-94
5738,CWE-94
5739,CWE-94
5740,CWE-94
5741,CWE-94
5742,CWE-94
5743,CWE-94
5744,CWE-94
5745,CWE-94
5746,CWE-94
5747,CWE-94
5748,CWE-94
5749,CWE-94
5750,CWE-94
5751,CWE-94
5752,CWE-94
5753,CWE-94
5754,CWE-94
5755,CWE-94
5756,CWE-94
5757,CWE-94
5758,CWE-94
5759,CWE-94
5760,CWE-94
5761,CWE-94
5762,CWE-94
5763,CWE-94
5764,CWE-94
5765,CWE-94
5766,CWE-94
5767,CWE-94
5768,CWE-94
5769,CWE-94
5770,CWE-94
5771,CWE-94
5772,CWE-94
5773,CWE-94
5774,CWE-94
5775,CWE-94
5776,CWE-94
5777,CWE-94
5778,CWE-94
5779,CWE-94
5780,CWE-94
5781,CWE-94
5782,CWE-94
5783,CWE-94
5784,CWE-94
5785,CWE-94
5786,CWE-94
5787,CWE-94
5788,CWE-94
5789,CWE-94
5790,CWE-94
5791,CWE-94
5792,CWE-94
5793,CWE-94
5794,CWE-94
5795,CWE-94
5796,CWE-94
5797,CWE-94
5798,CWE-94
5799,CWE-94
5800,CWE-94
5801,CWE-94
5802,CWE-94
5803,CWE-94
5804,CWE-94
5805,CWE-94
5806,CWE-94
5807,CWE-94
5808,CWE-94
5809,CWE-94
5810,CWE-94
5811,CWE-94
5812,CWE-94
5813,CWE-94
5814,CWE-94
5815,CWE-94
5816,CWE-94
5817,CWE-94
5818,CWE-94
5819,CWE-94
5820,CWE-94
5821,CWE-94
5822,CWE-94
5823,CWE-94
5824,CWE-94
5825,CWE-94
5826,CWE-94
5827,CWE-94
5828,CWE-94
5829,CWE-94
5830,CWE-94
5831,CWE-94
5832,CWE-94
5833,CWE-94
5834,CWE-94
5835,CWE-94
5836,CWE-94
5837,CWE-94
5838,CWE-94
5839,CWE-94
5840,CWE-94
5841,CWE-94
5842,CWE-94
5843,CWE-94
5844,CWE-94
5845,CWE-94
5846,CWE-94
5847,CWE-94
5848,CWE-94
5849,CWE-94
5850,CWE-94
5851,CWE-94
5852,CWE-94
5853,CWE-94
5854,CWE-94
5855,CWE-94
5856,CWE-94
5857,CWE-94
5858,CWE-94
5859,CWE-94
5860,CWE-94
5861,CWE-94
5862,CWE-94
5863,CWE-94
5864,CWE-94
5865,CWE-94
5866,CWE-94
5867,CWE-94
5868,CWE-94
5869,CWE-94
5870,CWE-94
5871,CWE-94
5872,CWE-94
5873,CWE-94
5874,CWE-94
5875,CWE-94
5876,CWE-94
5877,CWE-94
5878,CWE-94
5879,CWE-94
5880,CWE-94
5881,CWE-94
5882,CWE-94
5883,CWE-94
5884,CWE-94
5885,CWE-94
5886,CWE-94
5887,CWE-94
5888,CWE-94
5889,CWE-94
5890,CWE-94
5891,CWE-94
5892,CWE-94
5893,CWE-94
5894,CWE-94
5895,CWE-94
5896,CWE-94
5897,CWE-94
5898,CWE-94
5899,CWE-94
5900,CWE-94
5901,CWE-94
5902,CWE-94
5903,CWE-94
5904,CWE-94
5905,CWE-94
5906,CWE-94
5907,CWE-94
5908,CWE-94
5909,CWE-94
5910,CWE-94
5911,CWE-94
5912,CWE-94
5913,CWE-94
5914,CWE-94
5915,CWE-94
5916,CWE-94
5917,CWE-94
5918,CWE-94
5919,CWE-94
5920,CWE-94
5921,CWE-94
5922,CWE-94
5923,CWE-94
5924,CWE-94
5925,CWE-94
5926,CWE-94
5927,CWE-94
5928,CWE-94
5929,CWE-94
5930,CWE-94
5931,CWE-94
5932,CWE-94
5933,CWE-94
5934,CWE-94
5935,CWE-94
5936,CWE-94
5937,CWE-94
5938,CWE-94
5939,CWE-94
5940,CWE-94
5941,CWE-94
5942,CWE-94
5943,CWE-94
5944,CWE-94
5945,CWE-94
5946,CWE-94
5947,CWE-94
5948,CWE-94
5949,CWE-94
5950,CWE-94
5951,CWE-94
5952,CWE-94
5953,CWE-94
5954,CWE-94
5955,CWE-94
5956,CWE-94
5957,CWE-94
5958,CWE-94
5959,CWE-94
5960,CWE-94
5961,CWE-94
5962,CWE-94
5963,CWE-94
5964,CWE-94
5965,CWE-94
5966,CWE-94
5967,CWE-94
5968,CWE-94
5969,CWE-94
5970,CWE-94
5971,CWE-94
5972,CWE-94
5973,CWE-94
5974,CWE-94
5975,CWE-94
5976,CWE-94
5977,CWE-94
5978,CWE-94
5979,CWE-94
5980,CWE-94
5981,CWE-94
5982,CWE-94
5983,CWE-94
5984,CWE-94
5985,CWE-94
5986,CWE-94
5987,CWE-94
5988,CWE-94
5989,CWE-94
5990,CWE-94
5991,CWE-94
5992,CWE-94
5993,CWE-94
5994,CWE-94
5995,CWE-94
5996,CWE-94
5997,CWE-94
5998,CWE-94
5999,CWE-94
6000,CWE-94
6001,CWE-94
6002,CWE-94
6003,CWE-94
6004,CWE-94
6005,CWE-94
6006,CWE-94
6007,CWE-94
6008,CWE-94
6009,CWE-94
6010,CWE-94
6011,CWE-94
6012,CWE-94
6013,CWE-94
6014,CWE-94
6015,CWE-94
6016,CWE-94
6017,CWE-94
6018,CWE-94
6019,CWE-94
6020,CWE-94
6021,CWE-94
6022,CWE-94
6023,CWE-94
6024,CWE-94
6025,CWE-94
6026,CWE-94
6027,CWE-94
6028,CWE-94
6029,CWE-94
6030,CWE-94
6031,CWE-94
6032,CWE-94
6033,CWE-94
6034,CWE-94
6035,CWE-94
6036,CWE-94
6037,CWE-94
6038,CWE-94
6039,CWE-94
6040,CWE-94
6041,CWE-94
6042,CWE-94
6043,CWE-94
6044,CWE-94
6045,CWE-94
6046,CWE-94
6047,CWE-94
6048,CWE-94
6049,CWE-94
6050,CWE-94
6051,CWE-94
6052,CWE-94
6053,CWE-94
6054,CWE-94
6055,CWE-94
6056,CWE-94
6057,CWE-94
6058,CWE-94
6059,CWE-94
6060,CWE-94
6061,CWE-94
6062,CWE-94
6063,CWE-94
6064,CWE-94
6065,CWE-94
6066,CWE-94
6067,CWE-94
6068,CWE-94
6069,CWE-94
6070,CWE-94
6071,CWE-94
6072,CWE-94
6073,CWE-94
6074,CWE-94
6075,CWE-94
6076,CWE-94
6077,CWE-94
6078,CWE-94
6079,CWE-94
6080,CWE-94
6081,CWE-94
6082,CWE-94
6083,CWE-94
6084,CWE-94
6085,CWE-94
6086,CWE-94
6087,CWE-94
6088,CWE-94
6089,CWE-94
6090,CWE-94
6091,CWE-94
6092,CWE-94
6093,CWE-94
6094,CWE-94
6095,CWE-94
6096,CWE-94
6097,CWE-94
6098,CWE-94
6099,CWE-94
6100,CWE-94
6101,CWE-94
6102,CWE-94
6103,CWE-94
6104,CWE-94
6105,CWE-94
6106,CWE-94
6107,CWE-94
6108,CWE-94
6109,CWE-94
6110,CWE-94
6111,CWE-94
6112,CWE-94
6113,CWE-94
6114,CWE-94
6115,CWE-94
6116,CWE-94
6117,CWE-94
6118,CWE-94
6119,CWE-94
6120,CWE-94
6121,CWE-94
6122,CWE-94
6123,CWE-94
6124,CWE-94
6125,CWE-94
6126,CWE-94
6127,CWE-94
6128,CWE-94
6129,CWE-94
6130,CWE-94
6131,CWE-94
6132,CWE-94
6133,CWE-94
6134,CWE-94
6135,CWE-94
6136,CWE-94
6137,CWE-94
6138,CWE-94
6139,CWE-94
6140,CWE-94
6141,CWE-94
6142,CWE-94
6143,CWE-94
6144,CWE-94
6145,CWE-94
6146,CWE-94
6147,CWE-94
6148,CWE-94
6149,CWE-94
6150,CWE-94
6151,CWE-94
6152,CWE-94
6153,CWE-94
6154,CWE-94
6155,CWE-94
6156,CWE-94
6157,CWE-94
6158,CWE-94
6159,CWE-94
6160,CWE-94
6161,CWE-94
6162,CWE-94
6163,CWE-94
6164,CWE-94
6165,CWE-94
6166,CWE-94
6167,CWE-94
6168,CWE-94
6169,CWE-94
6170,CWE-94
6171,CWE-94
6172,CWE-94
6173,CWE-94
6174,CWE-94
6175,CWE-94
6176,CWE-94
6177,CWE-94
6178,CWE-94
6179,CWE-94
6180,CWE-94
6181,CWE-200
6182,CWE-200
6183,CWE-200
6184,CWE-200
6185,CWE-200
6186,CWE-200
6187,CWE-200
6188,CWE-200
6189,CWE-200
6190,CWE-200
6191,CWE-200
6192,CWE-200
6193,CWE-200
6194,CWE-200
6195,CWE-79
6196,CWE-434
6197,CWE-200
6198,CWE-200
6199,CWE-200
6200,CWE-200
6201,CWE-200
6204,CWE-200
6205,CWE-16
6206,CWE-16
6207,CWE-16
6208,CWE-16
6209,CWE-16
6212,CWE-200
6213,CWE-200
6214,CWE-200
6215,CWE-200
6217,CWE-200
6218,CWE-200
6219,CWE-200
6220,CWE-200
6221,CWE-200
6222,CWE-200
6223,CWE-200
6224,CWE-200
6225,CWE-200
6226,CWE-200
6227,CWE-200
6228,CWE-200
6229,CWE-200
6230,CWE-200
6231,CWE-200
6232,CWE-200
6233,CWE-200
6234,CWE-200
6235,CWE-200
6236,CWE-200
6237,CWE-200
6238,CWE-200
6239,CWE-200
6240,CWE-200
6241,CWE-200
6242,CWE-200
6243,CWE-200
6244,CWE-200
6245,CWE-200
6246,CWE-200
6247,CWE-200
6248,CWE-200
6249,CWE-200
6250,CWE-200
6251,CWE-200
6252,CWE-200
6253,CWE-200
6254,CWE-200
6255,CWE-200
6256,CWE-200
6257,CWE-200
6258,CWE-200
6259,CWE-200
6260,CWE-200
6261,CWE-200
6262,CWE-200
6263,CWE-200
6264,CWE-200
6265,CWE-200
6266,CWE-200
6267,CWE-200
6268,CWE-200
6269,CWE-200
6270,CWE-200
6271,CWE-200
6272,CWE-200
6273,CWE-200
6274,CWE-200
6275,CWE-200
6276,CWE-200
6277,CWE-200
6278,CWE-200
6279,CWE-200
6280,CWE-200
6281,CWE-200
6282,CWE-200
6283,CWE-200
6284,CWE-200
6285,CWE-200
6286,CWE-200
6287,CWE-200
6288,CWE-200
6289,CWE-200
6290,CWE-200
6291,CWE-200
6292,CWE-200
6293,CWE-200
6294,CWE-200
6295,CWE-200
6296,CWE-200
6297,CWE-200
6298,CWE-200
6299,CWE-200
6300,CWE-200
6301,CWE-200
6302,CWE-200
6303,CWE-200
6304,CWE-200
6305,CWE-200
6306,CWE-200
6307,CWE-200
6308,CWE-200
6309,CWE-200
6310,CWE-200
6311,CWE-200
6312,CWE-200
6313,CWE-200
6314,CWE-200
6315,CWE-200
6316,CWE-200
6317,CWE-200
6318,CWE-200
6319,CWE-200
6320,CWE-200
6321,CWE-200
6322,CWE-200
6323,CWE-200
6324,CWE-200
6325,CWE-200
6326,CWE-200
6327,CWE-200
6328,CWE-200
6329,CWE-200
6330,CWE-200
6331,CWE-200
6332,CWE-200
6333,CWE-200
6334,CWE-200
6335,CWE-200
6336,CWE-200
6337,CWE-200
6338,CWE-200
6339,CWE-200
6340,CWE-200
6341,CWE-200
6342,CWE-200
6343,CWE-200
6344,CWE-200
6345,CWE-200
6346,CWE-200
6347,CWE-200
6348,CWE-200
6349,CWE-200
6350,CWE-200
6351,CWE-200
6352,CWE-200
6353,CWE-200
6354,CWE-200
6355,CWE-200
6356,CWE-200
6357,CWE-200
6358,CWE-200
6359,CWE-200
6360,CWE-200
6361,CWE-200
6362,CWE-200
6363,CWE-200
6364,CWE-200
6365,CWE-200
6366,CWE-200
6367,CWE-200
6368,CWE-200
6369,CWE-200
6370,CWE-200
6371,CWE-200
6372,CWE-200
6373,CWE-200
6374,CWE-200
6375,CWE-200
6376,CWE-200
6377,CWE-200
6378,CWE-200
6379,CWE-200
6380,CWE-200
6381,CWE-200
6382,CWE-200
6383,CWE-200
6384,CWE-200
6385,CWE-200
6386,CWE-200
6387,CWE-200
6388,CWE-200
6389,CWE-200
6390,CWE-200
6391,CWE-200
6392,CWE-200
6393,CWE-200
6394,CWE-200
6395,CWE-200
6396,CWE-200
6398,CWE-200
6399,CWE-200
6400,CWE-200
6401,CWE-200
6402,CWE-200
6403,CWE-200
6404,CWE-200
6405,CWE-200
6406,CWE-200
6407,CWE-200
6408,CWE-200
6409,CWE-200
6410,CWE-200
6411,CWE-200
6412,CWE-200
6413,CWE-200
6414,CWE-200
6415,CWE-200
6416,CWE-200
6417,CWE-200
6418,CWE-200
6419,CWE-200
6420,CWE-200
6421,CWE-200
6422,CWE-200
6423,CWE-200
6424,CWE-200
6425,CWE-200
6426,CWE-200
6427,CWE-200
6429,CWE-200
6430,CWE-200
6431,CWE-200
6432,CWE-22
6433,CWE-79
6434,CWE-200
6435,CWE-200
6437,CWE-200
6438,CWE-284
6439,CWE-200
6440,CWE-200
6441,CWE-16
6442,CWE-200
6445,CWE-200
6447,CWE-200
6448,CWE-78
6449,CWE-78
6450,CWE-78
6453,CWE-200
6454,CWE-200
6455,CWE-200
6456,CWE-200
6457,CWE-16
6458,CWE-16
6459,CWE-200
6460,CWE-200
6461,CWE-200
6462,CWE-200
6463,CWE-200
6464,CWE-200
6465,CWE-200
6466,CWE-200
6468,CWE-434
6469,CWE-200
6470,CWE-200
6471,CWE-200
6472,CWE-434
6473,CWE-200
6474,CWE-16
6475,CWE-16
6476,CWE-200
6477,CWE-200
6478,CWE-284
6479,CWE-200
6480,CWE-89
6481,CWE-89
6482,CWE-200
6483,CWE-200
6484,CWE-200
6486,CWE-22
6489,CWE-200
6490,CWE-284
6491,CWE-287
6493,CWE-200
6494,CWE-200
6495,CWE-200
6496,CWE-200
6499,CWE-284
6500,CWE-200
6504,CWE-200
6505,CWE-200
6506,CWE-200
6507,CWE-200
6508,CWE-200
6509,CWE-200
6510,CWE-200
6511,CWE-200
6512,CWE-200
6513,CWE-200
6514,CWE-200
6515,CWE-200
6516,CWE-200
6521,CWE-22
6522,CWE-22
6523,CWE-77
6524,CWE-77
6526,CWE-200
6528,CWE-200
6529,CWE-200
6530,CWE-200
6531,CWE-200
6532,CWE-200
6533,CWE-200
6554,CWE-200
6555,CWE-22
6556,CWE-200
6557,CWE-200
6558,CWE-200
6559,CWE-200
6597,CWE-200
6598,CWE-200
6599,CWE-200
6601,CWE-94
6602,CWE-94
6603,CWE-200
6605,CWE-200
6606,CWE-200
6607,CWE-200
6608,CWE-78
6609,CWE-200
6610,CWE-200
6611,CWE-200
6612,CWE-200
6613,CWE-200
6614,CWE-200
6616,CWE-200
6617,CWE-200
6618,CWE-200
6619,CWE-200
6620,CWE-200
6621,CWE-200
6622,CWE-16
6623,CWE-200
6624,CWE-200
6625,CWE-200
6626,CWE-200
6627,CWE-200
6628,CWE-200
6629,CWE-200
6633,CWE-200
6634,CWE-16
6635,CWE-434
6636,CWE-200
6637,CWE-200
6638,CWE-200
6639,CWE-200
6640,CWE-200
6648,CWE-200
6649,CWE-200
6650,CWE-200
6651,CWE-200
6652,CWE-200
6653,CWE-200
6654,CWE-200
6655,CWE-200
6656,CWE-200
6657,CWE-200
6658,CWE-200
6659,CWE-16
6660,CWE-16
6661,CWE-200
6662,CWE-200
6664,CWE-200
6665,CWE-200
6669,CWE-16
6670,CWE-16
6673,CWE-434
6674,CWE-200
6676,CWE-16
6677,CWE-16
6678,CWE-16
6679,CWE-16
6680,CWE-16
6681,CWE-16
6683,CWE-16
6684,CWE-16
6685,CWE-16
6686,CWE-16
6687,CWE-16
6688,CWE-16
6689,CWE-16
6690,CWE-16
6691,CWE-16
6692,CWE-16
6693,CWE-16
6694,CWE-16
6695,CWE-16
6696,CWE-16
6697,CWE-16
6698,CWE-16
6699,CWE-16
6700,CWE-16
6701,CWE-16
6702,CWE-16
6703,CWE-284
6704,CWE-200
6705,CWE-200
6707,CWE-284
6710,CWE-284
6711,CWE-22
6712,CWE-434
6713,CWE-200
6715,CWE-284
6716,CWE-284
6717,CWE-284
6718,CWE-284
6719,CWE-284
6720,CWE-200
6721,CWE-200
6722,CWE-200
6723,CWE-200
6724,CWE-200
6726,CWE-200
6727,CWE-200
6728,CWE-284
6729,CWE-284
6730,CWE-284
6731,CWE-284
6732,CWE-434
6734,CWE-434
6735,CWE-200
6736,CWE-200
6737,CWE-22
6738,CWE-78
6739,CWE-78
6740,CWE-200
6741,CWE-200
6742,CWE-200
6743,CWE-200
6745,CWE-284
6746,CWE-200
6749,CWE-22
6751,CWE-434
6752,CWE-552
6755,CWE-284
6756,CWE-200
6757,CWE-200
6758,CWE-200
6759,CWE-200
6760,CWE-200
6761,CWE-200
6762,CWE-200
6763,CWE-200
6764,CWE-200
6765,CWE-200
6766,CWE-200
6767,CWE-284
6768,CWE-284
6769,CWE-284
6770,CWE-284
6771,CWE-284
6772,CWE-284
6773,CWE-284
6774,CWE-284
6775,CWE-284
6776,CWE-284
6777,CWE-284
6778,CWE-284
6779,CWE-284
6780,CWE-284
6781,CWE-284
6782,CWE-284
6783,CWE-284
6784,CWE-79
6785,CWE-79
6786,CWE-284
6787,CWE-200
6788,CWE-200
6789,CWE-200
6790,CWE-200
6791,CWE-200
6792,CWE-200
6793,CWE-200
6794,CWE-200
6795,CWE-200
6796,CWE-200
6797,CWE-434
6798,CWE-434
6799,CWE-434
6800,CWE-434
6801,CWE-434
6802,CWE-434
6803,CWE-434
6804,CWE-434
6805,CWE-434
6806,CWE-434
6807,CWE-200
6808,CWE-284
6809,CWE-287
6810,CWE-16
6811,CWE-284
6812,CWE-284
6813,CWE-284
6814,CWE-200
6815,CWE-89
6816,CWE-552
6817,CWE-200
6818,CWE-200
6820,CWE-200
6821,CWE-16
6822,CWE-79
6823,CWE-284
6824,CWE-89
6825,CWE-200
6826,CWE-200
6827,CWE-200
6828,CWE-200
6829,CWE-200
6830,CWE-200
6831,CWE-200
6832,CWE-200
6833,CWE-200
6834,CWE-200
6835,CWE-200
6836,CWE-200
6837,CWE-200
6838,CWE-284
6839,CWE-284
6840,CWE-284
6841,CWE-284
6842,CWE-284
6843,CWE-284
6876,CWE-200
6877,CWE-200
6878,CWE-200
6879,CWE-200
6880,CWE-200
6881,CWE-200
6882,CWE-200
6883,CWE-200
6884,CWE-200
6885,CWE-200
6886,CWE-200
6887,CWE-200
6888,CWE-200
6889,CWE-200
6890,CWE-200
6891,CWE-200
6892,CWE-200
6893,CWE-200
6894,CWE-200
6895,CWE-200
6897,CWE-200
6898,CWE-200
6899,CWE-200
6900,CWE-200
6901,CWE-200
6902,CWE-200
6903,CWE-200
6904,CWE-200
6905,CWE-200
6906,CWE-200
6907,CWE-200
6908,CWE-200
6909,CWE-200
6910,CWE-200
6912,CWE-200
6913,CWE-200
6914,CWE-200
6915,CWE-200
6916,CWE-200
6917,CWE-200
6918,CWE-200
6919,CWE-200
6920,CWE-200
6921,CWE-200
6922,CWE-200
6923,CWE-200
6924,CWE-200
6925,CWE-200
6926,CWE-200
6927,CWE-200
6928,CWE-200
6929,CWE-200
6930,CWE-200
6931,CWE-200
6932,CWE-200
6933,CWE-200
6934,CWE-200
6935,CWE-200
6936,CWE-200
6937,CWE-200
6938,CWE-200
6939,CWE-200
6940,CWE-200
6941,CWE-200
6942,CWE-200
6943,CWE-200
6944,CWE-200
6945,CWE-200
6946,CWE-200
6947,CWE-200
6948,CWE-200
6949,CWE-200
6950,CWE-200
6951,CWE-200
6952,CWE-200
6953,CWE-200
6954,CWE-200
6955,CWE-200
6956,CWE-200
6957,CWE-434
6958,CWE-200
6959,CWE-200
6960,CWE-200
6961,CWE-200
6962,CWE-200
6963,CWE-200
6964,CWE-200
6965,CWE-200
6966,CWE-200
6967,CWE-200
6968,CWE-200
6969,CWE-200
6970,CWE-200
6971,CWE-200
6972,CWE-200
6973,CWE-200
6974,CWE-200
6975,CWE-200
6976,CWE-200
6977,CWE-200
6978,CWE-200
6980,CWE-200
6981,CWE-200
6983,CWE-200
6984,CWE-284
6985,CWE-200
6987,CWE-200
6988,CWE-284
6989,CWE-284
6990,CWE-200
6992,CWE-22
6993,CWE-178
6994,CWE-78
6998,CWE-284
6999,CWE-78
7004,CWE-79
7006,CWE-284
7009,CWE-284
7010,CWE-77
7011,CWE-77
7012,CWE-284
7013,CWE-284
7014,CWE-89
7017,CWE-284
7021,CWE-200
7022,CWE-200
7023,CWE-284
7024,CWE-284
7025,CWE-284
7026,CWE-284
7027,CWE-200
7028,CWE-284
7029,CWE-284
7031,CWE-284
7032,CWE-284
7033,CWE-284
7034,CWE-284
7038,CWE-200
7039,CWE-77
7040,CWE-22
7041,CWE-200
7042,CWE-200
7044,CWE-284
7045,CWE-22
7046,CWE-552
7047,CWE-552
7048,CWE-284
7049,CWE-200
7050,CWE-284
7051,CWE-284
7052,CWE-200
7053,CWE-200
7054,CWE-89
7055,CWE-200
7056,CWE-284
7057,CWE-200
7058,CWE-20
7059,CWE-200
7060,CWE-200
7062,CWE-284
7063,CWE-284
7064,CWE-284
7065,CWE-284
7066,CWE-284
7067,CWE-284
7070,CWE-284
7071,CWE-200
7072,CWE-284
7074,CWE-284
7075,CWE-284
7076,CWE-284
7077,CWE-552
7078,CWE-200
7079,CWE-79
7080,CWE-79
7081,CWE-79
7082,CWE-200
7083,CWE-200
7084,CWE-78
7085,CWE-287
7086,CWE-287
7089,CWE-200
7090,CWE-200
7091,CWE-200
7092,CWE-79
7093,CWE-200
7094,CWE-200
7095,CWE-200
7096,CWE-16
7097,CWE-16
7098,CWE-200
7099,CWE-200
7100,CWE-200
7102,CWE-200
7103,CWE-200
7104,CWE-200
7105,CWE-200
7106,CWE-200
7109,CWE-200
7111,CWE-284
7112,CWE-200
7115,CWE-200
7116,CWE-284
7119,CWE-200
7120,CWE-200
7121,CWE-200
7122,CWE-200
7123,CWE-200
7124,CWE-200
7125,CWE-200
7126,CWE-200
7127,CWE-284
7128,CWE-284
7129,CWE-200
7130,CWE-89
7131,CWE-89
7137,CWE-200
7138,CWE-200
7139,CWE-200
7140,CWE-200
7141,CWE-200
7142,CWE-16
7143,CWE-200
7144,CWE-200
7145,CWE-200
7146,CWE-200
7147,CWE-200
7148,CWE-89
7149,CWE-89
7150,CWE-284
7151,CWE-284
7152,CWE-552
7153,CWE-284
7154,CWE-284
7155,CWE-284
7156,CWE-284
7157,CWE-284
7158,CWE-284
7159,CWE-284
7160,CWE-200
7161,CWE-434
7162,CWE-522
7163,CWE-522
7164,CWE-522
7165,CWE-522
7166,CWE-284
7167,CWE-284
7168,CWE-200
7169,CWE-284
7170,CWE-284
7171,CWE-284
7172,CWE-284
7173,CWE-284
7174,CWE-284
7175,CWE-284
7176,CWE-284
7177,CWE-284
7178,CWE-284
7179,CWE-284
7180,CWE-284
7181,CWE-284
7182,CWE-306
7183,CWE-306
7184,CWE-306
7185,CWE-306
7186,CWE-306
7187,CWE-306
7188,CWE-306
7189,CWE-200
7190,CWE-200
7191,CWE-200
7192,CWE-200
7193,CWE-200
7194,CWE-200
7195,CWE-200
7196,CWE-200
7197,CWE-200
7198,CWE-200
7199,CWE-200
7200,CWE-200
7201,CWE-200
7202,CWE-200
7203,CWE-200
7204,CWE-200
7205,CWE-200
7206,CWE-200
7207,CWE-200
7208,CWE-200
7209,CWE-200
7210,CWE-200
7211,CWE-200
7212,CWE-200
7213,CWE-200
7214,CWE-200
7215,CWE-200
7216,CWE-200
7217,CWE-200
7218,CWE-200
7219,CWE-200
7220,CWE-200
7221,CWE-200
7224,CWE-200
7225,CWE-200
7226,CWE-200
7227,CWE-22
7228,CWE-22
7229,CWE-22
7230,CWE-22
7231,CWE-22
7232,CWE-22
7233,CWE-200
7234,CWE-78
7235,CWE-78
7236,CWE-200
7237,CWE-200
7238,CWE-200
7239,CWE-200
7240,CWE-22
7241,CWE-200
7242,CWE-200
7243,CWE-200
7244,CWE-284
7245,CWE-611
7246,CWE-284
7247,CWE-74
7248,CWE-200
7249,CWE-200
7250,CWE-200
7251,CWE-200
7252,CWE-200
7253,CWE-200
7254,CWE-200
7255,CWE-200
7256,CWE-200
7257,CWE-200
7258,CWE-200
7259,CWE-284
7260,CWE-285
7261,CWE-284
7262,CWE-22
7263,CWE-284
7264,CWE-22
7265,CWE-284
7266,CWE-200
7267,CWE-200
7268,CWE-200
7269,CWE-22
7270,CWE-200
7271,CWE-200
7272,CWE-200
7273,CWE-200
7274,CWE-200
7275,CWE-200
7276,CWE-200
7277,CWE-200
7278,CWE-200
7279,CWE-200
7280,CWE-22
7281,CWE-284
7282,CWE-200
7283,CWE-200
7284,CWE-200
7285,CWE-200
7286,CWE-200
7287,CWE-200
7288,CWE-200
7289,CWE-200
7290,CWE-200
7291,CWE-200
7292,CWE-200
7293,CWE-200
7294,CWE-200
7295,CWE-200
7296,CWE-200
7297,CWE-200
7298,CWE-200
7299,CWE-200
7300,CWE-200
7301,CWE-200
7302,CWE-200
7303,CWE-79
7304,CWE-22
7305,CWE-200
7306,CWE-16
7307,CWE-16
7308,CWE-16
7309,CWE-16
7310,CWE-16
7311,CWE-16
7312,CWE-16
7313,CWE-16
7314,CWE-16
7315,CWE-16
7316,CWE-16
7317,CWE-200
7318,CWE-200
7319,CWE-284
7320,CWE-552
7321,CWE-200
7322,CWE-200
7323,CWE-200
7324,CWE-284
7325,CWE-78
7326,CWE-200
7327,CWE-200
7328,CWE-200
7329,CWE-200
7330,CWE-200
7331,CWE-200
7332,CWE-284
7333,CWE-284
7335,CWE-200
7336,CWE-284
7337,CWE-284
999974,CWE-79
999982,CWE-942
999981,CWE-942
999975,CWE-942
999956,CWE-942
999961,CWE-614
137,CWE-1004
999991,CWE-200
999969,CWE-200
999979,CWE-200
999984,CWE-200
999978,0
999976,0
999100,0
999970,CWE-319
999971,CWE-319
999103,CWE-16
999104,0
433,0
999983,CWE-200
999989,CWE-200
999988,CWE-200
999986,CWE-200
999945,0
999987,CWE-200
999966,CWE-200
999990,0
999985,0
999977,0
999967,0
999972,CWE-200
999973,CWE-200
980100,CWE-200
435,CWE-200
801010,CWE-200
740000,CWE-200
999995,CWE-434
999994,CWE-284
999997,0
999996,0
999949,CWE-78
999948,CWE-78
999947,CWE-78
999946,CWE-78
740001,CWE-200
999992,0
999993,CWE-295
999950,CWE-20
400000,0
400001,0
400002,0
400003,0
400004,0
750500,CWE-548
750501,CWE-98
750502,CWE-209
750503,CWE-200
750504,CWE-200
750505,CWE-200
750506,CWE-200
750507,CWE-209
750508,CWE-119
750509,CWE-548
750510,CWE-200
750511,CWE-209
750512,CWE-548
750513,CWE-506
750514,0
750515,0
750516,0
750517,0
750518,CWE-319
750519,CWE-200
