id,cwe
CVE-2021-37292,CWE-798
CVE-2021-27856,CWE-798
CVE-2015-7823,CWE-601
CVE-2015-5461,CWE-601
CVE-2007-4556,CWE-94
CVE-2007-0885,CWE-79
CVE-2006-1681,CWE-79
CVE-2005-4385,CWE-79
CVE-2005-3634,CWE-601
CVE-2005-3344,CWE-306
CVE-2004-1965,CWE-79;CWE-601
CVE-2004-0519,CWE-79
CVE-2021-33766,CWE-287
CVE-2014-4210,CWE-918
CVE-2013-3827,CWE-98
CVE-2012-3153,CWE-94
CVE-2012-0392,CWE-94
CVE-2024-10571,CWE-98
CVE-2025-4380,CWE-98
CVE-2024-9193,CWE-98
CVE-2024-12209,CWE-98
CVE-2024-10516,CWE-98
CVE-2025-24893,CWE-95
CVE-2025-0868,CWE-95
CVE-2024-36404,CWE-95
CVE-2024-31982,CWE-95
CVE-2024-21650,CWE-95
CVE-2024-36401,CWE-94;CWE-95
CVE-2022-22963,CWE-94;CWE-917
CVE-2022-43769,CWE-94;CWE-74
CVE-2020-15227,CWE-94;CWE-74
CVE-2020-5847,CWE-94;CWE-668
CVE-2023-34990,CWE-94;CWE-23
CVE-2021-32820,CWE-94;CWE-200
CVE-2024-4040,CWE-94;CWE-1336
CVE-2025-6204,CWE-94
CVE-2025-49029,CWE-94
CVE-2025-32432,CWE-94
CVE-2025-29306,CWE-94
CVE-2025-27218,CWE-94
CVE-2025-23061,CWE-94
CVE-2024-9772,CWE-94
CVE-2024-9593,CWE-94
CVE-2024-9264,CWE-94
CVE-2024-9061,CWE-94
CVE-2024-58136,CWE-94
CVE-2024-56145,CWE-94
CVE-2024-5082,CWE-94
CVE-2024-50498,CWE-94
CVE-2024-43425,CWE-94
CVE-2024-42640,CWE-94
CVE-2024-41667,CWE-94
CVE-2024-31621,CWE-94
CVE-2024-28397,CWE-94
CVE-2024-25600,CWE-94
CVE-2024-11740,CWE-94
CVE-2024-0195,CWE-94
CVE-2023-52251,CWE-94
CVE-2023-49070,CWE-94
CVE-2023-46818,CWE-94
CVE-2023-41892,CWE-94
CVE-2023-3519,CWE-94
CVE-2023-25717,CWE-94
CVE-2022-42889,CWE-94
CVE-2022-4060,CWE-94
CVE-2022-40127,CWE-94
CVE-2022-29078,CWE-94
CVE-2022-24816,CWE-94
spring4shell-CVE-2022-22965,CWE-94
CVE-2022-22965,CWE-94
CVE-2022-22954,CWE-94
CVE-2022-1609,CWE-94
CVE-2023-0297,CWE-94
CVE-2021-44529,CWE-94
CVE-2021-41749,CWE-94
CVE-2021-40323,CWE-94
CVE-2021-30461,CWE-94
CVE-2021-22205,CWE-94
CVE-2021-22053,CWE-94
CVE-2020-8644,CWE-94
CVE-2020-8194,CWE-94
CVE-2020-8163,CWE-94
CVE-2020-36708,CWE-94
CVE-2020-35131,CWE-94
CVE-2020-20601,CWE-94
CVE-2020-11975,CWE-94
CVE-2020-11546,CWE-94
CVE-2020-10257,CWE-94
CVE-2019-7609,CWE-94
CVE-2019-4716,CWE-94
CVE-2019-16759,CWE-94
CVE-2019-15642,CWE-94
CVE-2019-13372,CWE-94
CVE-2019-10758,CWE-94
CVE-2019-0193,CWE-94
CVE-2018-8823,CWE-94
CVE-2018-7602,CWE-94
CVE-2018-25114,CWE-94
CVE-2018-19127,CWE-94
CVE-2018-17207,CWE-94
CVE-2018-17173,CWE-94
CVE-2018-1207,CWE-94
CVE-2017-9841,CWE-94
CVE-2015-7450,CWE-94
CVE-2015-1635,CWE-94
CVE-2014-6287,CWE-94
CVE-2013-1965,CWE-94
CVE-2012-0394,CWE-94
CVE-2010-2918,CWE-94
CVE-2009-4223,CWE-94
CVE-2009-1151,CWE-94
CVE-2008-1059,CWE-94
CVE-2022-0666,CWE-93
CVE-2020-11441,CWE-93
CVE-2017-5868,CWE-93
CVE-2016-4975,CWE-93
CVE-2020-13937,CWE-922
CVE-2022-23544,CWE-918;CWE-79
external-service-interaction,CWE-918;CWE-406
CVE-2023-50968,CWE-918;CWE-200
CVE-2022-1815,CWE-918;CWE-200
CVE-2025-6851,CWE-918
CVE-2025-58179,CWE-918
CVE-2025-57822,CWE-918
CVE-2025-55161,CWE-918
CVE-2025-22952,CWE-918
CVE-2024-6922,CWE-918
CVE-2024-6587,CWE-918
CVE-2024-6095,CWE-918
CVE-2024-54385,CWE-918
CVE-2024-54330,CWE-918
CVE-2024-48360,CWE-918
CVE-2024-45507,CWE-918
CVE-2024-4399,CWE-918
CVE-2024-39713,CWE-918
CVE-2024-38514,CWE-918
CVE-2024-38472,CWE-918
CVE-2024-36675,CWE-918
CVE-2024-34351,CWE-918
CVE-2024-33832,CWE-918
CVE-2024-32964,CWE-918
CVE-2024-29198,CWE-918
CVE-2024-29028,CWE-918
CVE-2024-27564,CWE-918
CVE-2024-24759,CWE-918
CVE-2024-21893,CWE-918
CVE-2024-1021,CWE-918
CVE-2023-5974,CWE-918
CVE-2023-51467,CWE-918
CVE-2023-43795,CWE-918
CVE-2023-43654,CWE-918
CVE-2023-41763,CWE-918
CVE-2023-39110,CWE-918
CVE-2023-39109,CWE-918
CVE-2023-39108,CWE-918
CVE-2023-3578,CWE-918
CVE-2023-3188,CWE-918
CVE-2023-30019,CWE-918
CVE-2023-27163,CWE-918
CVE-2023-27159,CWE-918
CVE-2023-24243,CWE-918
CVE-2022-45835,CWE-918
CVE-2022-45362,CWE-918
CVE-2022-43140,CWE-918
CVE-2022-42149,CWE-918
CVE-2022-41412,CWE-918
CVE-2022-29153,CWE-918
CVE-2022-28117,CWE-918
CVE-2022-2756,CWE-918
CVE-2022-24856,CWE-918
CVE-2022-24129,CWE-918
CVE-2024-27954,CWE-918
CVE-2022-1713,CWE-918
CVE-2022-1711,CWE-918
CVE-2022-1398,CWE-918
CVE-2022-1386,CWE-918
CVE-2022-0870,CWE-918
CVE-2022-0591,CWE-918
CVE-2021-46107,CWE-918
CVE-2021-45968,CWE-918
CVE-2021-44139,CWE-918
CVE-2021-40822,CWE-918
CVE-2021-40438,CWE-918
CVE-2021-34473,CWE-918
CVE-2021-33690,CWE-918
CVE-2021-29490,CWE-918
CVE-2021-27905,CWE-918
CVE-2021-27670,CWE-918
CVE-2021-26855,CWE-918
CVE-2021-26072,CWE-918
CVE-2021-24472,CWE-918
CVE-2021-24150,CWE-918
CVE-2021-22986,CWE-918
CVE-2021-22214,CWE-918
CVE-2021-22054,CWE-918
CVE-2021-21975,CWE-918
CVE-2021-21973,CWE-918
CVE-2021-21311,CWE-918
CVE-2021-21287,CWE-918
CVE-2020-7796,CWE-918
CVE-2020-6308,CWE-918
CVE-2020-5775,CWE-918
CVE-2020-28976,CWE-918
CVE-2020-26948,CWE-918
CVE-2020-26258,CWE-918
CVE-2020-24881,CWE-918
CVE-2020-24148,CWE-918
CVE-2020-13379,CWE-918
CVE-2020-10770,CWE-918
CVE-2019-9621,CWE-918
CVE-2019-8982,CWE-918
CVE-2019-8451,CWE-918
CVE-2019-6793,CWE-918
CVE-2019-18394,CWE-918
CVE-2019-16932,CWE-918
CVE-2018-15517,CWE-918
CVE-2018-14728,CWE-918
CVE-2017-9506,CWE-918
CVE-2017-18638,CWE-918
CVE-2017-0929,CWE-918
CVE-2015-8813,CWE-918
CVE-2022-22947,CWE-917;CWE-94
CVE-2022-26134,CWE-917
CVE-2021-45046,CWE-917
mobileiron-log4j-rce,CWE-917
CVE-2021-31805,CWE-917
CVE-2021-26084,CWE-917
CVE-2020-17530,CWE-917
CVE-2020-10199,CWE-917
CVE-2019-9041,CWE-917
CVE-2019-16469,CWE-917
CVE-2010-1870,CWE-917
CVE-2021-38314,CWE-916;CWE-200
CVE-2022-23348,CWE-916
CVE-2023-43177,CWE-913
CVE-2020-15568,CWE-913
CVE-2024-20439,CWE-912
CVE-2025-54249,CWE-91;CWE-918
CVE-2025-54251,CWE-91
CVE-2023-43187,CWE-91
CVE-2022-25356,CWE-91
CVE-2023-22897,CWE-908
CVE-2016-9299,CWE-90
CVE-2022-31181,CWE-89;CWE-74
CVE-2022-4375,CWE-89;CWE-707
CVE-2025-9744,CWE-89
CVE-2025-8868,CWE-89
CVE-2025-7160,CWE-89
CVE-2025-6970,CWE-89
CVE-2025-5569,CWE-89
CVE-2025-5287,CWE-89
CVE-2025-4396,CWE-89
CVE-2025-34038,CWE-89
CVE-2025-32969,CWE-89
CVE-2025-32814,CWE-89
CVE-2025-29085,CWE-89
CVE-2025-27892,CWE-89
CVE-2025-24799,CWE-89
CVE-2025-2473,CWE-89
CVE-2025-2011,CWE-89
CVE-2025-2010,CWE-89
CVE-2025-1323,CWE-89
CVE-2024-9796,CWE-89
CVE-2024-9465,CWE-89
CVE-2024-9186,CWE-89
CVE-2024-8877,CWE-89
CVE-2024-8529,CWE-89
CVE-2024-8522,CWE-89
CVE-2024-8503,CWE-89
CVE-2024-8484,CWE-89
CVE-2024-7854,CWE-89
CVE-2024-7188,CWE-89
CVE-2024-6928,CWE-89
CVE-2024-6926,CWE-89
CVE-2024-6924,CWE-89
CVE-2024-6670,CWE-89
CVE-2024-6205,CWE-89
CVE-2024-6159,CWE-89
CVE-2024-6028,CWE-89
CVE-2024-5975,CWE-89
CVE-2024-5765,CWE-89
CVE-2024-5522,CWE-89
CVE-2024-5315,CWE-89
CVE-2024-51482,CWE-89
CVE-2024-51211,CWE-89
CVE-2024-48307,CWE-89
CVE-2024-47062,CWE-89
CVE-2024-45622,CWE-89
CVE-2024-4443,CWE-89
CVE-2024-44349,CWE-89
CVE-2024-4434,CWE-89
CVE-2024-43917,CWE-89
CVE-2024-43360,CWE-89
CVE-2024-4295,CWE-89
CVE-2024-4257,CWE-89
CVE-2024-39907,CWE-89
CVE-2024-39887,CWE-89
CVE-2024-39250,CWE-89
CVE-2024-3922,CWE-89
CVE-2024-38289,CWE-89
CVE-2024-37843,CWE-89
CVE-2024-36837,CWE-89
CVE-2024-36683,CWE-89
CVE-2024-36412,CWE-89
CVE-2024-35584,CWE-89
CVE-2024-3552,CWE-89
CVE-2024-35286,CWE-89
CVE-2024-3495,CWE-89
CVE-2024-32739,CWE-89
CVE-2024-32738,CWE-89
CVE-2024-32737,CWE-89
CVE-2024-32736,CWE-89
CVE-2024-32709,CWE-89
CVE-2024-32640,CWE-89
CVE-2024-32231,CWE-89
CVE-2024-31750,CWE-89
CVE-2024-30163,CWE-89
CVE-2024-29889,CWE-89
CVE-2024-29824,CWE-89
CVE-2024-2879,CWE-89
CVE-2024-27956,CWE-89
CVE-2024-27718,CWE-89
CVE-2024-2621,CWE-89
CVE-2024-24112,CWE-89
CVE-2024-2330,CWE-89
CVE-2024-1698,CWE-89
CVE-2024-1512,CWE-89
CVE-2024-13979,CWE-89
CVE-2024-13726,CWE-89
CVE-2024-13496,CWE-89
CVE-2024-13322,CWE-89
CVE-2024-11728,CWE-89
CVE-2024-1071,CWE-89
CVE-2024-1061,CWE-89
CVE-2024-10400,CWE-89
CVE-2023-6655,CWE-89
CVE-2023-6567,CWE-89
CVE-2023-6360,CWE-89
CVE-2023-6063,CWE-89
CVE-2023-50578,CWE-89
CVE-2023-4974,CWE-89
CVE-2023-48084,CWE-89
CVE-2023-46347,CWE-89
CVE-2023-45826,CWE-89
CVE-2023-45375,CWE-89
CVE-2023-4490,CWE-89
CVE-2023-43374,CWE-89
CVE-2023-43373,CWE-89
CVE-2023-40931,CWE-89
CVE-2023-40749,CWE-89
CVE-2023-40748,CWE-89
CVE-2023-39796,CWE-89
CVE-2023-39650,CWE-89
CVE-2023-39560,CWE-89
CVE-2023-39361,CWE-89
CVE-2023-38992,CWE-89
CVE-2023-36934,CWE-89
CVE-2023-36284,CWE-89
CVE-2023-34756,CWE-89
CVE-2023-34755,CWE-89
CVE-2023-34754,CWE-89
CVE-2023-34753,CWE-89
CVE-2023-34752,CWE-89
CVE-2023-34751,CWE-89
CVE-2023-34659,CWE-89
CVE-2023-34362,CWE-89
CVE-2023-34133,CWE-89
CVE-2023-33439,CWE-89
CVE-2023-33338,CWE-89
CVE-2023-30625,CWE-89
CVE-2023-30194,CWE-89
CVE-2023-30192,CWE-89
CVE-2023-30150,CWE-89
CVE-2023-28662,CWE-89
CVE-2023-27847,CWE-89
CVE-2023-27638,CWE-89
CVE-2023-27637,CWE-89
CVE-2023-37270,CWE-89
CVE-2023-27034,CWE-89
CVE-2023-27032,CWE-89
CVE-2023-25157,CWE-89
CVE-2023-23492,CWE-89
CVE-2023-23489,CWE-89
CVE-2023-23488,CWE-89
CVE-2023-2130,CWE-89
CVE-2023-1730,CWE-89
CVE-2023-1454,CWE-89
CVE-2023-1408,CWE-89
CVE-2023-1020,CWE-89
CVE-2023-0900,CWE-89
CVE-2023-0630,CWE-89
CVE-2023-0600,CWE-89
CVE-2023-0562,CWE-89
CVE-2023-0261,CWE-89
CVE-2023-0037,CWE-89
CVE-2022-46443,CWE-89
CVE-2022-46071,CWE-89
CVE-2022-45808,CWE-89
CVE-2022-45805,CWE-89
CVE-2022-4447,CWE-89
CVE-2022-44291,CWE-89
CVE-2022-44290,CWE-89
CVE-2022-4117,CWE-89
CVE-2022-4059,CWE-89
CVE-2022-4050,CWE-89
CVE-2022-4049,CWE-89
CVE-2022-40032,CWE-89
CVE-2022-38812,CWE-89
CVE-2022-38637,CWE-89
CVE-2022-38627,CWE-89
CVE-2022-3768,CWE-89
CVE-2022-34590,CWE-89
CVE-2022-34265,CWE-89
CVE-2022-33965,CWE-89
CVE-2022-32094,CWE-89
CVE-2022-32028,CWE-89
CVE-2022-32026,CWE-89
CVE-2022-32025,CWE-89
CVE-2022-32024,CWE-89
CVE-2022-32022,CWE-89
CVE-2022-32018,CWE-89
CVE-2022-32015,CWE-89
CVE-2022-32007,CWE-89
CVE-2022-31984,CWE-89
CVE-2022-31978,CWE-89
CVE-2022-31977,CWE-89
CVE-2022-31976,CWE-89
CVE-2022-31975,CWE-89
CVE-2022-31974,CWE-89
CVE-2022-3142,CWE-89
CVE-2022-30512,CWE-89
CVE-2022-29009,CWE-89
CVE-2022-29007,CWE-89
CVE-2022-29006,CWE-89
CVE-2022-28080,CWE-89
CVE-2022-28079,CWE-89
CVE-2022-28033,CWE-89
CVE-2022-28032,CWE-89
CVE-2022-27985,CWE-89
CVE-2022-27984,CWE-89
CVE-2022-27927,CWE-89
CVE-2022-26585,CWE-89
CVE-2022-25488,CWE-89
CVE-2022-25322,CWE-89
CVE-2022-25149,CWE-89
CVE-2022-25148,CWE-89
CVE-2022-25125,CWE-89
CVE-2022-2467,CWE-89
CVE-2022-24627,CWE-89
CVE-2022-24266,CWE-89
CVE-2022-24265,CWE-89
CVE-2022-24264,CWE-89
CVE-2022-24260,CWE-89
CVE-2022-24223,CWE-89
CVE-2022-24124,CWE-89
CVE-2022-23898,CWE-89
CVE-2022-22897,CWE-89
CVE-2022-1950,CWE-89
CVE-2022-1883,CWE-89
CVE-2022-1768,CWE-89
CVE-2022-1057,CWE-89
CVE-2022-1013,CWE-89
CVE-2022-0949,CWE-89
CVE-2022-0948,CWE-89
CVE-2022-0867,CWE-89
CVE-2022-0846,CWE-89
CVE-2022-0827,CWE-89
CVE-2022-0826,CWE-89
CVE-2022-0817,CWE-89
CVE-2022-0814,CWE-89
CVE-2022-0788,CWE-89
CVE-2022-0787,CWE-89
CVE-2022-0786,CWE-89
CVE-2022-0785,CWE-89
CVE-2022-0784,CWE-89
CVE-2022-0783,CWE-89
CVE-2022-0781,CWE-89
CVE-2022-0773,CWE-89
CVE-2022-0769,CWE-89
CVE-2022-0760,CWE-89
CVE-2022-0747,CWE-89
CVE-2022-0693,CWE-89
CVE-2022-0658,CWE-89
CVE-2022-0651,CWE-89
CVE-2022-0592,CWE-89
CVE-2022-0479,CWE-89
CVE-2022-0434,CWE-89
CVE-2022-0412,CWE-89
CVE-2022-0349,CWE-89
CVE-2022-0228,CWE-89
CVE-2022-0169,CWE-89
CVE-2021-45811,CWE-89
CVE-2021-45793,CWE-89
CVE-2021-44427,CWE-89
CVE-2021-43510,CWE-89
CVE-2021-42667,CWE-89
CVE-2021-42258,CWE-89
CVE-2021-41649,CWE-89
CVE-2021-41648,CWE-89
CVE-2021-37589,CWE-89
CVE-2021-37538,CWE-89
CVE-2021-37291,CWE-89
CVE-2021-36748,CWE-89
CVE-2021-34187,CWE-89
CVE-2021-32789,CWE-89
CVE-2021-31856,CWE-89
CVE-2021-31316,CWE-89
CVE-2021-3110,CWE-89
CVE-2021-3018,CWE-89
CVE-2021-30175,CWE-89
CVE-2021-27320,CWE-89
CVE-2021-27319,CWE-89
CVE-2021-27316,CWE-89
CVE-2021-27315,CWE-89
CVE-2021-27314,CWE-89
CVE-2021-27124,CWE-89
CVE-2021-26599,CWE-89
CVE-2021-25899,CWE-89
CVE-2021-25114,CWE-89
CVE-2021-24946,CWE-89
CVE-2021-24943,CWE-89
CVE-2021-24931,CWE-89
CVE-2021-24915,CWE-89
CVE-2021-24862,CWE-89
CVE-2021-24849,CWE-89
CVE-2021-24827,CWE-89
CVE-2021-24791,CWE-89
CVE-2021-24762,CWE-89
CVE-2021-24750,CWE-89
CVE-2021-24731,CWE-89
CVE-2021-24666,CWE-89
CVE-2021-24627,CWE-89
CVE-2021-24554,CWE-89
CVE-2021-24442,CWE-89
CVE-2021-24340,CWE-89
CVE-2021-24295,CWE-89
CVE-2021-24285,CWE-89
CVE-2022-21661,CWE-89
CVE-2020-9483,CWE-89
CVE-2020-9402,CWE-89
CVE-2020-6637,CWE-89
CVE-2020-5766,CWE-89
CVE-2020-5307,CWE-89
CVE-2020-5192,CWE-89
CVE-2020-36112,CWE-89
CVE-2020-35848,CWE-89
CVE-2020-35847,CWE-89
CVE-2020-35846,CWE-89
CVE-2020-29214,CWE-89
CVE-2020-27615,CWE-89
CVE-2020-27481,CWE-89
CVE-2020-26248,CWE-89
CVE-2020-22211,CWE-89
CVE-2020-22210,CWE-89
CVE-2020-22209,CWE-89
CVE-2020-22208,CWE-89
CVE-2020-22165,CWE-89
CVE-2020-20300,CWE-89
CVE-2020-17506,CWE-89
CVE-2020-17463,CWE-89
CVE-2020-14092,CWE-89
CVE-2020-13640,CWE-89
CVE-2020-11530,CWE-89
CVE-2020-10549,CWE-89
CVE-2020-10548,CWE-89
CVE-2020-10547,CWE-89
CVE-2020-10546,CWE-89
CVE-2020-10220,CWE-89
CVE-2019-9762,CWE-89
CVE-2019-7481,CWE-89
CVE-2019-7139,CWE-89
CVE-2019-17418,CWE-89
CVE-2019-16997,CWE-89
CVE-2019-16996,CWE-89
CVE-2019-13462,CWE-89
CVE-2019-12989,CWE-89
CVE-2019-10692,CWE-89
CVE-2019-10232,CWE-89
CVE-2018-7314,CWE-89
CVE-2018-7282,CWE-89
CVE-2018-6605,CWE-89
CVE-2018-17283,CWE-89
CVE-2018-17254,CWE-89
CVE-2018-16159,CWE-89
CVE-2018-11511,CWE-89
CVE-2018-11231,CWE-89
CVE-2018-10738,CWE-89
CVE-2018-10737,CWE-89
CVE-2018-10736,CWE-89
CVE-2018-10735,CWE-89
CVE-2017-8917,CWE-89
CVE-2017-18362,CWE-89
CVE-2017-17731,CWE-89
CVE-2017-11444,CWE-89
CVE-2016-6195,CWE-89
CVE-2016-10940,CWE-89
CVE-2016-10134,CWE-89
CVE-2015-9323,CWE-89
CVE-2015-7297,CWE-89
CVE-2015-4062,CWE-89
CVE-2015-2196,CWE-89
CVE-2014-8682,CWE-89
CVE-2014-3704,CWE-89
CVE-2014-2323,CWE-89
CVE-2010-5028,CWE-89
CVE-2010-4977,CWE-89
CVE-2021-33564,CWE-88
CVE-2020-21224,CWE-88
CVE-2018-19518,CWE-88
CVE-2016-10033,CWE-88
CVE-2023-35158,CWE-87
CVE-2024-45216,CWE-863;CWE-287
CVE-2025-49825,CWE-863
CVE-2024-7097,CWE-863
CVE-2024-6782,CWE-863
CVE-2023-38035,CWE-863
CVE-2023-26258,CWE-863
CVE-2023-22620,CWE-863
CVE-2023-22518,CWE-863
CVE-2022-47003,CWE-863
CVE-2022-47002,CWE-863
CVE-2022-33174,CWE-863
CVE-2022-0735,CWE-863
CVE-2022-0594,CWE-863
CVE-2021-42192,CWE-863
CVE-2021-40655,CWE-863
CVE-2021-36749,CWE-863
CVE-2021-24917,CWE-863
CVE-2021-24278,CWE-863
CVE-2021-21389,CWE-863
CVE-2020-36289,CWE-863
CVE-2019-8446,CWE-863
CVE-2019-7192,CWE-863
CVE-2019-3403,CWE-863
CVE-2019-3401,CWE-863
CVE-2025-45854,CWE-862;CWE-434
CVE-2021-42359,CWE-862;CWE-284
CVE-2021-24146,CWE-862;CWE-284
CVE-2025-6205,CWE-862
CVE-2025-59474,CWE-862
CVE-2025-5701,CWE-862
CVE-2025-5394,CWE-862
CVE-2025-27505,CWE-862
CVE-2025-2075,CWE-862
CVE-2025-20362,CWE-862
CVE-2025-1562,CWE-862
CVE-2024-9707,CWE-862
CVE-2024-9234,CWE-862
CVE-2024-6845,CWE-862
CVE-2024-4898,CWE-862
CVE-2024-43919,CWE-862
CVE-2024-3097,CWE-862
CVE-2024-2782,CWE-862
CVE-2024-2771,CWE-862
CVE-2024-1380,CWE-862
CVE-2024-10783,CWE-862
CVE-2024-10486,CWE-862
CVE-2024-0593,CWE-862
CVE-2024-0235,CWE-862
CVE-2023-6875,CWE-862
CVE-2023-6038,CWE-862
CVE-2023-6020,CWE-862
CVE-2023-49230,CWE-862
CVE-2023-36144,CWE-862
CVE-2023-32117,CWE-862
CVE-2023-2796,CWE-862
CVE-2023-26035,CWE-862
CVE-2023-25573,CWE-862
CVE-2023-0678,CWE-862
CVE-2022-48166,CWE-862
CVE-2022-39960,CWE-862
CVE-2022-36883,CWE-862
CVE-2022-36642,CWE-862
CVE-2022-3124,CWE-862
CVE-2022-2552,CWE-862
CVE-2022-2461,CWE-862
CVE-2022-2379,CWE-862
CVE-2022-2376,CWE-862
CVE-2022-2373,CWE-862
CVE-2022-1903,CWE-862
CVE-2022-1442,CWE-862
CVE-2022-1054,CWE-862
CVE-2022-0885,CWE-862
CVE-2021-32172,CWE-862
CVE-2021-28073,CWE-862
CVE-2021-25075,CWE-862
CVE-2021-24997,CWE-862
CVE-2021-21307,CWE-862
CVE-2020-8772,CWE-862
CVE-2020-36836,CWE-862
CVE-2020-36719,CWE-862
CVE-2020-11514,CWE-862
CVE-2019-25141,CWE-862
CVE-2019-19985,CWE-862
CVE-2018-1217,CWE-862
CVE-2015-20067,CWE-862
CVE-2018-17246,CWE-829;CWE-73
CVE-2022-37191,CWE-829
CVE-2022-34121,CWE-829
CVE-2022-25486,CWE-829
CVE-2022-25485,CWE-829
CVE-2021-41569,CWE-829
CVE-2024-6892,CWE-81;CWE-79
CVE-2025-34032,CWE-80
CVE-2021-3831,CWE-80
CVE-2005-3128,CWE-80
CVE-2002-1131,CWE-80
CVE-2023-32077,CWE-798;CWE-321
CVE-2025-34509,CWE-798
CVE-2025-20188,CWE-798
CVE-2024-28987,CWE-798
CVE-2023-5074,CWE-798
CVE-2023-38433,CWE-798
CVE-2022-34045,CWE-798
CVE-2022-31269,CWE-798
CVE-2022-26138,CWE-798
CVE-2022-1162,CWE-798
CVE-2021-22707,CWE-798
CVE-2020-8657,CWE-798
CVE-2020-8656,CWE-798
CVE-2020-4429,CWE-798
CVE-2020-35338,CWE-798
CVE-2020-11854,CWE-798
CVE-2018-9161,CWE-798
CVE-2014-9614,CWE-798
CVE-2021-41691,CWE-79;CWE-89
CVE-2022-3242,CWE-79;CWE-94
CVE-2025-4123,CWE-79;CWE-601
CVE-2025-8191,CWE-79
CVE-2025-54589,CWE-79
CVE-2025-51502,CWE-79
CVE-2025-51501,CWE-79
CVE-2025-48954,CWE-79
CVE-2025-44148,CWE-79
CVE-2025-4388,CWE-79
CVE-2025-41393,CWE-79
CVE-2025-34141,CWE-79
CVE-2025-32430,CWE-79
CVE-2025-28906,CWE-79
CVE-2025-2748,CWE-79
CVE-2025-2712,CWE-79
CVE-2025-2711,CWE-79
CVE-2025-2710,CWE-79
CVE-2025-2709,CWE-79
CVE-2025-2610,CWE-79
CVE-2025-2609,CWE-79
CVE-2025-25062,CWE-79
CVE-2025-24752,CWE-79
CVE-2025-2127,CWE-79
CVE-2025-0133,CWE-79
CVE-2024-9007,CWE-79
CVE-2024-8673,CWE-79
CVE-2024-7354,CWE-79
CVE-2024-7313,CWE-79
CVE-2024-7008,CWE-79
CVE-2024-6886,CWE-79
CVE-2024-6651,CWE-79
CVE-2024-6517,CWE-79
CVE-2024-55416,CWE-79
CVE-2024-55218,CWE-79
CVE-2024-5420,CWE-79
CVE-2024-52763,CWE-79
CVE-2024-52762,CWE-79
CVE-2024-4348,CWE-79
CVE-2024-42852,CWE-79
CVE-2024-42009,CWE-79
CVE-2024-3850,CWE-79
CVE-2024-3822,CWE-79
CVE-2024-3753,CWE-79
CVE-2024-35627,CWE-79
CVE-2024-34061,CWE-79
CVE-2024-3378,CWE-79
CVE-2024-33326,CWE-79
CVE-2024-31839,CWE-79
CVE-2024-29882,CWE-79
CVE-2024-29030,CWE-79
CVE-2024-29029,CWE-79
CVE-2024-28734,CWE-79
CVE-2024-25669,CWE-79
CVE-2024-24131,CWE-79
CVE-2024-22927,CWE-79
CVE-2024-21485,CWE-79
CVE-2024-13853,CWE-79
CVE-2024-13624,CWE-79
CVE-2024-11921,CWE-79
CVE-2024-11587,CWE-79
CVE-2023-7246,CWE-79
CVE-2023-6697,CWE-79
CVE-2023-6568,CWE-79
CVE-2023-6379,CWE-79
CVE-2023-6275,CWE-79
CVE-2023-6000,CWE-79
CVE-2023-5863,CWE-79
CVE-2023-5558,CWE-79
CVE-2023-5556,CWE-79
CVE-2023-5244,CWE-79
CVE-2023-49785,CWE-79
CVE-2023-4973,CWE-79
CVE-2023-49494,CWE-79
CVE-2023-49489,CWE-79
CVE-2023-48728,CWE-79
CVE-2023-47684,CWE-79
CVE-2023-47115,CWE-79
CVE-2023-46732,CWE-79
CVE-2023-45671,CWE-79
CVE-2023-45542,CWE-79
CVE-2023-4547,CWE-79
CVE-2023-45136,CWE-79
CVE-2023-44813,CWE-79
CVE-2023-44812,CWE-79
CVE-2023-4451,CWE-79
CVE-2023-44393,CWE-79
CVE-2023-44352,CWE-79
CVE-2023-44012,CWE-79
CVE-2023-43326,CWE-79
CVE-2023-43325,CWE-79
CVE-2023-4284,CWE-79
CVE-2023-4174,CWE-79
CVE-2023-4173,CWE-79
CVE-2023-41642,CWE-79
CVE-2023-41621,CWE-79
CVE-2023-41597,CWE-79
CVE-2023-41538,CWE-79
CVE-2023-4151,CWE-79
CVE-2023-4148,CWE-79
CVE-2023-4136,CWE-79
CVE-2023-4116,CWE-79
CVE-2023-4115,CWE-79
CVE-2023-4114,CWE-79
CVE-2023-4113,CWE-79
CVE-2023-4112,CWE-79
CVE-2023-4111,CWE-79
CVE-2023-4110,CWE-79
CVE-2023-40755,CWE-79
CVE-2023-40753,CWE-79
CVE-2023-40752,CWE-79
CVE-2023-40751,CWE-79
CVE-2023-40750,CWE-79
CVE-2023-40355,CWE-79
CVE-2023-40208,CWE-79
CVE-2023-40000,CWE-79
CVE-2023-3990,CWE-79
CVE-2023-39700,CWE-79
CVE-2023-39676,CWE-79
CVE-2023-39600,CWE-79
CVE-2023-39598,CWE-79
CVE-2023-3936,CWE-79
CVE-2023-39007,CWE-79
CVE-2023-39002,CWE-79
CVE-2023-38964,CWE-79
CVE-2023-38501,CWE-79
CVE-2023-3849,CWE-79
CVE-2023-3848,CWE-79
CVE-2023-3847,CWE-79
CVE-2023-3846,CWE-79
CVE-2023-3845,CWE-79
CVE-2023-3844,CWE-79
CVE-2023-3843,CWE-79
CVE-2023-38194,CWE-79
CVE-2023-38192,CWE-79
CVE-2023-38040,CWE-79
CVE-2023-37988,CWE-79
CVE-2023-37979,CWE-79
CVE-2023-37728,CWE-79
CVE-2023-37580,CWE-79
CVE-2023-36346,CWE-79
CVE-2023-36306,CWE-79
CVE-2023-36289,CWE-79
CVE-2023-36287,CWE-79
CVE-2023-3521,CWE-79
CVE-2023-35162,CWE-79
CVE-2023-35161,CWE-79
CVE-2023-35160,CWE-79
CVE-2023-35159,CWE-79
CVE-2023-35156,CWE-79
CVE-2023-35155,CWE-79
CVE-2023-3479,CWE-79
CVE-2023-34599,CWE-79
CVE-2023-34537,CWE-79
CVE-2023-34192,CWE-79
CVE-2023-3169,CWE-79
CVE-2023-31548,CWE-79
CVE-2023-30868,CWE-79
CVE-2023-30777,CWE-79
CVE-2023-30256,CWE-79
CVE-2023-30212,CWE-79
CVE-2023-30210,CWE-79
CVE-2023-29623,CWE-79
CVE-2023-29506,CWE-79
CVE-2023-2949,CWE-79
CVE-2023-29489,CWE-79
CVE-2023-2948,CWE-79
CVE-2023-29439,CWE-79
CVE-2023-28665,CWE-79
CVE-2023-2822,CWE-79
CVE-2023-2813,CWE-79
CVE-2023-27922,CWE-79
CVE-2023-2779,CWE-79
CVE-2023-27641,CWE-79
CVE-2023-27008,CWE-79
CVE-2023-26843,CWE-79
CVE-2023-26842,CWE-79
CVE-2023-25346,CWE-79
CVE-2023-2518,CWE-79
CVE-2023-24737,CWE-79
CVE-2023-24733,CWE-79
CVE-2023-24657,CWE-79
CVE-2023-24488,CWE-79
CVE-2023-24367,CWE-79
CVE-2023-24322,CWE-79
CVE-2023-24278,CWE-79
CVE-2023-23491,CWE-79
CVE-2023-23161,CWE-79
CVE-2023-2272,CWE-79
CVE-2023-2256,CWE-79
CVE-2023-2224,CWE-79
CVE-2023-2178,CWE-79
CVE-2023-2122,CWE-79
CVE-2023-2023,CWE-79
CVE-2023-2009,CWE-79
CVE-2023-1893,CWE-79
CVE-2023-1892,CWE-79
CVE-2023-1890,CWE-79
CVE-2023-1880,CWE-79
CVE-2023-1835,CWE-79
CVE-2023-1780,CWE-79
CVE-2023-1546,CWE-79
CVE-2023-1496,CWE-79
CVE-2023-1434,CWE-79
CVE-2023-1318,CWE-79
CVE-2023-1317,CWE-79
CVE-2023-1315,CWE-79
CVE-2023-1119,CWE-79
CVE-2023-1080,CWE-79
CVE-2023-0968,CWE-79
CVE-2023-0948,CWE-79
CVE-2023-0942,CWE-79
CVE-2023-0676,CWE-79
CVE-2023-0602,CWE-79
CVE-2023-0563,CWE-79
CVE-2023-0527,CWE-79
CVE-2023-0514,CWE-79
CVE-2023-0448,CWE-79
CVE-2023-0334,CWE-79
CVE-2023-0236,CWE-79
CVE-2023-0099,CWE-79
CVE-2022-4971,CWE-79
CVE-2022-4897,CWE-79
CVE-2022-48197,CWE-79
CVE-2022-48012,CWE-79
CVE-2022-46934,CWE-79
CVE-2022-46888,CWE-79
CVE-2022-46381,CWE-79
CVE-2022-46073,CWE-79
CVE-2022-45365,CWE-79
CVE-2022-45038,CWE-79
CVE-2022-45037,CWE-79
CVE-2022-44957,CWE-79
CVE-2022-44952,CWE-79
CVE-2022-44951,CWE-79
CVE-2022-44950,CWE-79
CVE-2022-44949,CWE-79
CVE-2022-44948,CWE-79
CVE-2022-44947,CWE-79
CVE-2022-44946,CWE-79
CVE-2022-44944,CWE-79
CVE-2022-4325,CWE-79
CVE-2022-4321,CWE-79
CVE-2022-4320,CWE-79
CVE-2022-43185,CWE-79
CVE-2022-43170,CWE-79
CVE-2022-43169,CWE-79
CVE-2022-43167,CWE-79
CVE-2022-43166,CWE-79
CVE-2022-43165,CWE-79
CVE-2022-43164,CWE-79
CVE-2022-4306,CWE-79
CVE-2022-43018,CWE-79
CVE-2022-43017,CWE-79
CVE-2022-43016,CWE-79
CVE-2022-43015,CWE-79
CVE-2022-43014,CWE-79
CVE-2022-4301,CWE-79
CVE-2022-4295,CWE-79
CVE-2022-42749,CWE-79
CVE-2022-42748,CWE-79
CVE-2022-42747,CWE-79
CVE-2022-42746,CWE-79
CVE-2022-4260,CWE-79
CVE-2022-42118,CWE-79
CVE-2022-42096,CWE-79
CVE-2022-42095,CWE-79
CVE-2022-42094,CWE-79
CVE-2022-41473,CWE-79
CVE-2022-41441,CWE-79
CVE-2022-40879,CWE-79
CVE-2022-40359,CWE-79
CVE-2022-40047,CWE-79
CVE-2022-3934,CWE-79
CVE-2022-3933,CWE-79
CVE-2022-39195,CWE-79
CVE-2022-3908,CWE-79
CVE-2022-39048,CWE-79
CVE-2022-3869,CWE-79
CVE-2022-38553,CWE-79
CVE-2022-38467,CWE-79
CVE-2022-38463,CWE-79
CVE-2022-38295,CWE-79
CVE-2022-3805,CWE-79
CVE-2022-3766,CWE-79
CVE-2022-37153,CWE-79
CVE-2022-3578,CWE-79
CVE-2022-35653,CWE-79
CVE-2022-35493,CWE-79
CVE-2022-35151,CWE-79
CVE-2022-3506,CWE-79
CVE-2022-3484,CWE-79
CVE-2022-34328,CWE-79
CVE-2022-34094,CWE-79
CVE-2022-34093,CWE-79
CVE-2022-33119,CWE-79
CVE-2022-32772,CWE-79
CVE-2022-32771,CWE-79
CVE-2022-32770,CWE-79
CVE-2022-32195,CWE-79
CVE-2022-31470,CWE-79
CVE-2022-31373,CWE-79
CVE-2022-31299,CWE-79
CVE-2022-30777,CWE-79
CVE-2022-30776,CWE-79
CVE-2022-3062,CWE-79
CVE-2022-30514,CWE-79
CVE-2022-30513,CWE-79
CVE-2022-30073,CWE-79
CVE-2022-29548,CWE-79
CVE-2022-29455-headless,CWE-79
CVE-2022-29455,CWE-79
CVE-2022-29349,CWE-79
CVE-2022-29316,CWE-79
CVE-2022-29005,CWE-79
CVE-2022-29004,CWE-79
CVE-2022-28508,CWE-79
CVE-2022-28363,CWE-79
CVE-2022-28290,CWE-79
CVE-2022-27926,CWE-79
CVE-2022-2733,CWE-79
CVE-2022-26564,CWE-79
CVE-2022-2627,CWE-79
CVE-2022-26263,CWE-79
CVE-2022-2599,CWE-79
CVE-2022-25489,CWE-79
CVE-2022-2546,CWE-79
CVE-2022-25323,CWE-79
CVE-2022-24899,CWE-79
CVE-2022-24681,CWE-79
CVE-2022-24384,CWE-79
CVE-2022-24181,CWE-79
CVE-2022-2383,CWE-79
CVE-2022-23808,CWE-79
CVE-2022-23397,CWE-79
CVE-2022-2290,CWE-79
CVE-2022-22242,CWE-79
CVE-2022-2219,CWE-79
CVE-2022-2187,CWE-79
CVE-2022-2174,CWE-79
CVE-2022-2168,CWE-79
CVE-2022-2130,CWE-79
CVE-2022-1946,CWE-79
CVE-2022-1937,CWE-79
CVE-2022-1933,CWE-79
CVE-2022-1916,CWE-79
CVE-2022-1910,CWE-79
CVE-2022-1906,CWE-79
CVE-2022-1904,CWE-79
CVE-2022-1756,CWE-79
CVE-2022-1724,CWE-79
CVE-2022-1597,CWE-79
CVE-2022-1439,CWE-79
CVE-2022-1221,CWE-79
CVE-2022-1170,CWE-79
CVE-2022-1168,CWE-79
CVE-2022-1007,CWE-79
CVE-2022-0963,CWE-79
CVE-2022-0954,CWE-79
CVE-2022-0928,CWE-79
CVE-2022-0899,CWE-79
CVE-2022-0864,CWE-79
CVE-2022-0776,CWE-79
CVE-2022-0678,CWE-79
CVE-2022-0653,CWE-79
CVE-2022-0599,CWE-79
CVE-2022-0595,CWE-79
CVE-2022-0535,CWE-79
CVE-2022-0533,CWE-79
CVE-2022-0437,CWE-79
CVE-2022-0429,CWE-79
CVE-2022-0422,CWE-79
CVE-2022-0381,CWE-79
CVE-2022-0378,CWE-79
CVE-2022-0346,CWE-79
CVE-2022-0288,CWE-79
CVE-2022-0271,CWE-79
CVE-2022-0250,CWE-79
CVE-2022-0234,CWE-79
CVE-2022-0218,CWE-79
CVE-2022-0212,CWE-79
CVE-2022-0208,CWE-79
CVE-2022-0206,CWE-79
CVE-2022-0201,CWE-79
CVE-2022-0189,CWE-79
CVE-2022-0150,CWE-79
CVE-2022-0149,CWE-79
CVE-2022-0148,CWE-79
CVE-2022-0147,CWE-79
CVE-2022-0087,CWE-79
CVE-2021-46387,CWE-79
CVE-2021-46073,CWE-79
CVE-2021-46072,CWE-79
CVE-2021-46071,CWE-79
CVE-2021-46069,CWE-79
CVE-2021-46068,CWE-79
CVE-2021-46005,CWE-79
CVE-2021-45422,CWE-79
CVE-2021-45380,CWE-79
CVE-2021-43810,CWE-79
CVE-2021-43725,CWE-79
CVE-2021-43574,CWE-79
CVE-2021-42663,CWE-79
CVE-2021-42567,CWE-79
CVE-2021-42566,CWE-79
CVE-2021-42565,CWE-79
CVE-2021-42551,CWE-79
CVE-2021-42063,CWE-79
CVE-2021-41951,CWE-79
CVE-2021-41878,CWE-79
CVE-2021-41467,CWE-79
CVE-2021-41432,CWE-79
CVE-2021-41174,CWE-79
CVE-2021-40973,CWE-79
CVE-2021-40972,CWE-79
CVE-2021-40971,CWE-79
CVE-2021-40970,CWE-79
CVE-2021-40969,CWE-79
CVE-2021-40968,CWE-79
CVE-2021-40868,CWE-79
CVE-2021-40542,CWE-79
CVE-2021-40272,CWE-79
CVE-2021-39411,CWE-79
CVE-2021-39350,CWE-79
CVE-2021-39322,CWE-79
CVE-2021-39320,CWE-79
CVE-2021-38704,CWE-79
CVE-2021-38156,CWE-79
CVE-2021-37833,CWE-79
CVE-2021-37573,CWE-79
CVE-2021-37416,CWE-79
CVE-2021-37216,CWE-79
CVE-2021-36873,CWE-79
CVE-2021-36646,CWE-79
CVE-2021-36450,CWE-79
CVE-2021-35488,CWE-79
CVE-2021-35323,CWE-79
CVE-2021-35265,CWE-79
CVE-2021-34643,CWE-79
CVE-2021-34640,CWE-79
CVE-2021-34630,CWE-79
CVE-2021-34370,CWE-79
CVE-2021-33904,CWE-79
CVE-2021-33851,CWE-79
CVE-2021-3377,CWE-79
CVE-2021-32853,CWE-79
CVE-2021-32478,CWE-79
CVE-2021-31862,CWE-79
CVE-2021-31682,CWE-79
CVE-2021-31589,CWE-79
CVE-2021-31537,CWE-79
CVE-2021-31195,CWE-79
CVE-2021-30213,CWE-79
CVE-2021-30203,CWE-79
CVE-2021-30151,CWE-79
CVE-2021-30134,CWE-79
CVE-2021-30049,CWE-79
CVE-2021-3002,CWE-79
CVE-2021-29625,CWE-79
CVE-2021-29484,CWE-79
CVE-2021-27909,CWE-79
CVE-2021-27520,CWE-79
CVE-2021-27519,CWE-79
CVE-2021-27330,CWE-79
CVE-2021-27310,CWE-79
CVE-2021-27309,CWE-79
CVE-2021-26812,CWE-79
CVE-2021-26723,CWE-79
CVE-2021-26710,CWE-79
CVE-2021-26702,CWE-79
CVE-2021-26475,CWE-79
CVE-2021-26247,CWE-79
CVE-2021-25299,CWE-79
CVE-2021-25161,CWE-79
CVE-2021-25120,CWE-79
CVE-2021-25112,CWE-79
CVE-2021-25104,CWE-79
CVE-2021-25099,CWE-79
CVE-2021-25085,CWE-79
CVE-2021-25079,CWE-79
CVE-2021-25078,CWE-79
CVE-2021-25067,CWE-79
CVE-2021-25065,CWE-79
CVE-2021-25063,CWE-79
CVE-2021-25055,CWE-79
CVE-2021-25016,CWE-79
CVE-2021-25008,CWE-79
CVE-2021-24991,CWE-79
CVE-2021-24987,CWE-79
CVE-2021-24979,CWE-79
CVE-2021-24956,CWE-79
CVE-2021-24940,CWE-79
CVE-2021-24934,CWE-79
CVE-2021-24926,CWE-79
CVE-2021-24910,CWE-79
CVE-2021-24891,CWE-79
CVE-2021-24878,CWE-79
CVE-2021-24876,CWE-79
CVE-2021-24875,CWE-79
CVE-2021-24746,CWE-79
CVE-2021-24522,CWE-79
CVE-2021-24510,CWE-79
CVE-2021-24498,CWE-79
CVE-2021-24495,CWE-79
CVE-2021-24488,CWE-79
CVE-2021-24452,CWE-79
CVE-2021-24436,CWE-79
CVE-2021-24435,CWE-79
CVE-2021-24409,CWE-79
CVE-2021-24407,CWE-79
CVE-2021-24389,CWE-79
CVE-2021-24387,CWE-79
CVE-2021-24364,CWE-79
CVE-2021-24351,CWE-79
CVE-2021-24342,CWE-79
CVE-2021-24335,CWE-79
CVE-2021-24320,CWE-79
CVE-2021-24316,CWE-79
CVE-2021-24300,CWE-79
CVE-2021-24298,CWE-79
CVE-2021-24291,CWE-79
CVE-2021-24287,CWE-79
CVE-2021-24286,CWE-79
CVE-2021-24276,CWE-79
CVE-2021-24275,CWE-79
CVE-2021-24274,CWE-79
CVE-2021-24245,CWE-79
CVE-2021-24239,CWE-79
CVE-2021-24237,CWE-79
CVE-2021-24235,CWE-79
CVE-2021-24214,CWE-79
CVE-2021-24176,CWE-79
CVE-2021-24169,CWE-79
CVE-2021-21803,CWE-79
CVE-2021-21802,CWE-79
CVE-2021-21801,CWE-79
CVE-2021-21800,CWE-79
CVE-2021-21799,CWE-79
CVE-2021-21087,CWE-79
CVE-2021-20792,CWE-79
CVE-2021-20323,CWE-79
CVE-2021-20137,CWE-79
CVE-2020-9036,CWE-79
CVE-2020-8512,CWE-79
CVE-2020-8191,CWE-79
CVE-2020-8115,CWE-79
CVE-2020-7318,CWE-79
CVE-2020-7107,CWE-79
CVE-2020-6171,CWE-79
CVE-2020-5191,CWE-79
CVE-2020-36731,CWE-79
CVE-2020-36510,CWE-79
CVE-2020-35987,CWE-79
CVE-2020-35986,CWE-79
CVE-2020-35985,CWE-79
CVE-2020-35984,CWE-79
CVE-2020-3580,CWE-79
CVE-2020-35774,CWE-79
CVE-2020-29395,CWE-79
CVE-2020-29164,CWE-79
CVE-2020-28351,CWE-79
CVE-2020-27982,CWE-79
CVE-2020-27735,CWE-79
CVE-2020-26153,CWE-79
CVE-2020-25864,CWE-79
CVE-2020-25495,CWE-79
CVE-2020-24912,CWE-79
CVE-2020-24903,CWE-79
CVE-2020-24902,CWE-79
CVE-2020-24701,CWE-79
CVE-2020-24223,CWE-79
CVE-2020-23814,CWE-79
CVE-2020-23697,CWE-79
CVE-2020-23517,CWE-79
CVE-2020-2140,CWE-79
CVE-2020-20988,CWE-79
CVE-2020-20982,CWE-79
CVE-2020-2096,CWE-79
CVE-2020-20285,CWE-79
CVE-2020-19515,CWE-79
CVE-2020-1943,CWE-79
CVE-2020-19295,CWE-79
CVE-2020-19283,CWE-79
CVE-2020-19282,CWE-79
CVE-2020-17453,CWE-79
CVE-2020-17362,CWE-79
CVE-2020-15895,CWE-79
CVE-2020-15500,CWE-79
CVE-2020-14413,CWE-79
CVE-2020-14408,CWE-79
CVE-2020-13820,CWE-79
CVE-2020-9344,CWE-79
CVE-2020-13483,CWE-79
CVE-2020-13258,CWE-79
CVE-2020-12262,CWE-79
CVE-2020-12259,CWE-79
CVE-2020-12256,CWE-79
CVE-2020-12054,CWE-79
CVE-2020-11930,CWE-79
CVE-2020-11110,CWE-79
CVE-2019-9978,CWE-79
CVE-2019-9955,CWE-79
CVE-2019-9912,CWE-79
CVE-2019-8937,CWE-79
CVE-2019-8390,CWE-79
CVE-2019-7543,CWE-79
CVE-2019-7255,CWE-79
CVE-2019-7219,CWE-79
CVE-2019-6112,CWE-79
CVE-2019-3911,CWE-79
CVE-2019-3402,CWE-79
CVE-2019-20210,CWE-79
CVE-2019-20141,CWE-79
CVE-2019-19908,CWE-79
CVE-2019-19368,CWE-79
CVE-2019-19134,CWE-79
CVE-2019-18957,CWE-79
CVE-2019-17233,CWE-79
CVE-2019-17231,CWE-79
CVE-2019-16931,CWE-79
CVE-2019-16525,CWE-79
CVE-2019-16332,CWE-79
CVE-2019-15889,CWE-79
CVE-2019-15829,CWE-79
CVE-2019-15811,CWE-79
CVE-2019-15713,CWE-79
CVE-2019-15501,CWE-79
CVE-2019-14974,CWE-79
CVE-2019-14789,CWE-79
CVE-2019-14750,CWE-79
CVE-2019-14470,CWE-79
CVE-2019-13392,CWE-79
CVE-2019-12962,CWE-79
CVE-2019-12581,CWE-79
CVE-2019-12461,CWE-79
CVE-2019-11869,CWE-79
CVE-2019-11370,CWE-79
CVE-2019-10475,CWE-79
CVE-2019-10405,CWE-79
CVE-2019-1010287,CWE-79
CVE-2019-10092,CWE-79
CVE-2019-0221,CWE-79
CVE-2018-8024,CWE-79
CVE-2018-8006,CWE-79
CVE-2018-7653,CWE-79
CVE-2018-7196,CWE-79
CVE-2018-7193,CWE-79
CVE-2018-7192,CWE-79
CVE-2018-5715,CWE-79
CVE-2018-5316,CWE-79
CVE-2018-5233,CWE-79
CVE-2018-5230,CWE-79
CVE-2018-20824,CWE-79
CVE-2018-20462,CWE-79
CVE-2018-20011,CWE-79
CVE-2018-20010,CWE-79
CVE-2018-20009,CWE-79
CVE-2018-19915,CWE-79
CVE-2018-19914,CWE-79
CVE-2018-19892,CWE-79
CVE-2018-19877,CWE-79
CVE-2018-19752,CWE-79
CVE-2018-19751,CWE-79
CVE-2018-19749,CWE-79
CVE-2018-19439,CWE-79
CVE-2018-19386,CWE-79
CVE-2018-19287,CWE-79
CVE-2018-19137,CWE-79
CVE-2018-19136,CWE-79
CVE-2018-18775,CWE-79
CVE-2018-18608,CWE-79
CVE-2018-18570,CWE-79
CVE-2018-18069,CWE-79
CVE-2018-16139,CWE-79
CVE-2018-15917,CWE-79
CVE-2018-14013,CWE-79
CVE-2018-12998,CWE-79
CVE-2018-12095,CWE-79
CVE-2018-11709,CWE-79
CVE-2018-11473,CWE-79
CVE-2018-11227,CWE-79
CVE-2018-11133,CWE-79
CVE-2018-10383,CWE-79
CVE-2018-10230,CWE-79
CVE-2018-10095,CWE-79
CVE-2018-1000856,CWE-79
CVE-2018-1000129,CWE-79
CVE-2017-9288,CWE-79
CVE-2017-9140,CWE-79
CVE-2017-7855,CWE-79
CVE-2017-7391,CWE-79
CVE-2017-5631,CWE-79
CVE-2017-4011,CWE-79
CVE-2017-18598,CWE-79
CVE-2017-18590,CWE-79
CVE-2017-18566,CWE-79
CVE-2017-18565,CWE-79
CVE-2017-18564,CWE-79
CVE-2017-18562,CWE-79
CVE-2017-18558,CWE-79
CVE-2017-18557,CWE-79
CVE-2017-18556,CWE-79
CVE-2017-18542,CWE-79
CVE-2017-18537,CWE-79
CVE-2017-18536,CWE-79
CVE-2017-18532,CWE-79
CVE-2017-18530,CWE-79
CVE-2017-18529,CWE-79
CVE-2017-18528,CWE-79
CVE-2017-18527,CWE-79
CVE-2017-18518,CWE-79
CVE-2017-18517,CWE-79
CVE-2017-18516,CWE-79
CVE-2017-18505,CWE-79
CVE-2017-18502,CWE-79
CVE-2017-18501,CWE-79
CVE-2017-18500,CWE-79
CVE-2017-18496,CWE-79
CVE-2017-18494,CWE-79
CVE-2017-18493,CWE-79
CVE-2017-18492,CWE-79
CVE-2017-18491,CWE-79
CVE-2017-18490,CWE-79
CVE-2017-18487,CWE-79
CVE-2017-18024,CWE-79
CVE-2017-17451,CWE-79
CVE-2017-17059,CWE-79
CVE-2017-17043,CWE-79
CVE-2017-15287,CWE-79
CVE-2017-14651,CWE-79
CVE-2017-14622,CWE-79
CVE-2017-12794,CWE-79
CVE-2017-12583,CWE-79
CVE-2017-12544,CWE-79
CVE-2017-11629,CWE-79
CVE-2016-8527,CWE-79
CVE-2016-7981,CWE-79
CVE-2016-10993,CWE-79
CVE-2016-10976,CWE-79
CVE-2016-10973,CWE-79
CVE-2016-1000155,CWE-79
CVE-2016-1000154,CWE-79
CVE-2016-1000153,CWE-79
CVE-2016-1000152,CWE-79
CVE-2016-1000149,CWE-79
CVE-2016-1000148,CWE-79
CVE-2016-1000146,CWE-79
CVE-2016-1000143,CWE-79
CVE-2016-1000142,CWE-79
CVE-2016-1000141,CWE-79
CVE-2016-1000140,CWE-79
CVE-2016-1000139,CWE-79
CVE-2016-1000138,CWE-79
CVE-2016-1000137,CWE-79
CVE-2016-1000136,CWE-79
CVE-2016-1000135,CWE-79
CVE-2016-1000134,CWE-79
CVE-2016-1000133,CWE-79
CVE-2016-1000132,CWE-79
CVE-2016-1000131,CWE-79
CVE-2016-1000130,CWE-79
CVE-2016-1000129,CWE-79
CVE-2016-1000128,CWE-79
CVE-2016-1000127,CWE-79
CVE-2016-1000126,CWE-79
CVE-2015-9414,CWE-79
CVE-2015-9312,CWE-79
CVE-2015-8349,CWE-79
CVE-2015-7377,CWE-79
CVE-2015-6920,CWE-79
CVE-2015-6544,CWE-79
CVE-2015-4127,CWE-79
CVE-2015-4063,CWE-79
CVE-2015-2807,CWE-79
CVE-2015-2068,CWE-79
CVE-2014-9615,CWE-79
CVE-2014-9608,CWE-79
CVE-2014-9607,CWE-79
CVE-2014-9606,CWE-79
CVE-2014-9444,CWE-79
CVE-2014-9094,CWE-79
CVE-2014-4592,CWE-79
CVE-2014-4561,CWE-79
CVE-2014-4558,CWE-79
CVE-2014-4550,CWE-79
CVE-2014-4544,CWE-79
CVE-2014-4539,CWE-79
CVE-2014-4536,CWE-79
CVE-2014-4535,CWE-79
CVE-2014-4513,CWE-79
CVE-2014-2908,CWE-79
CVE-2014-100004,CWE-79
CVE-2013-6281,CWE-79
CVE-2013-4625,CWE-79
CVE-2013-4117,CWE-79
CVE-2013-3526,CWE-79
CVE-2013-2287,CWE-79
CVE-2012-5913,CWE-79
CVE-2012-4889,CWE-79
CVE-2012-4768,CWE-79
CVE-2012-4547,CWE-79
CVE-2012-4273,CWE-79
CVE-2012-4242,CWE-79
CVE-2012-2371,CWE-79
CVE-2012-1835,CWE-79
CVE-2012-0901,CWE-79
CVE-2011-5265,CWE-79
CVE-2011-5181,CWE-79
CVE-2011-5179,CWE-79
CVE-2011-5107,CWE-79
CVE-2011-5106,CWE-79
CVE-2011-4926,CWE-79
CVE-2011-4624,CWE-79
CVE-2011-4618,CWE-79
CVE-2011-4336,CWE-79
CVE-2009-1872,CWE-79
CVE-2008-6982,CWE-79
CVE-2008-6465,CWE-79
CVE-2008-2398,CWE-79
CVE-2008-1061,CWE-79
CVE-2007-5728,CWE-79
CVE-2007-2449,CWE-79
window-name-domxss,CWE-79
CVE-2021-20038,CWE-787;CWE-121
CVE-2024-2961,CWE-787
CVE-2023-45878,CWE-787
CVE-2021-35395,CWE-787
CVE-2022-2314,CWE-78
CVE-2022-45699,CWE-78;CWE-94
CVE-2019-3929,CWE-78;CWE-79
CVE-2022-46169,CWE-78;CWE-74
CVE-2024-10915,CWE-78;CWE-707
CVE-2021-21345,CWE-78;CWE-502
CVE-2025-48703,CWE-78
CVE-2025-36604,CWE-78
CVE-2025-34152,CWE-78
CVE-2025-34035,CWE-78
CVE-2025-0107,CWE-78
CVE-2024-9916,CWE-78
CVE-2024-9474,CWE-78
CVE-2024-9463,CWE-78
CVE-2024-9166,CWE-78
CVE-2024-7591,CWE-78
CVE-2024-7120,CWE-78
CVE-2024-5421,CWE-78
CVE-2024-51568,CWE-78
CVE-2024-51378,CWE-78
CVE-2024-51228,CWE-78
CVE-2024-50603,CWE-78
CVE-2024-49380,CWE-78
CVE-2024-4577,CWE-78
CVE-2024-45519,CWE-78
CVE-2024-29973,CWE-78
CVE-2024-29972,CWE-78
CVE-2024-24328,CWE-78
CVE-2024-2389,CWE-78
CVE-2024-21683,CWE-78
CVE-2024-1212,CWE-78
CVE-2024-0986,CWE-78
CVE-2023-7116,CWE-78
CVE-2023-6895,CWE-78
CVE-2023-6018,CWE-78
CVE-2023-50094,CWE-78
CVE-2023-48022,CWE-78
CVE-2023-47105,CWE-78
CVE-2023-46359,CWE-78
CVE-2023-4542,CWE-78
CVE-2023-41109,CWE-78
CVE-2023-40504,CWE-78
CVE-2023-3368,CWE-78
CVE-2023-30258,CWE-78
CVE-2023-30013,CWE-78
CVE-2023-25280,CWE-78
CVE-2023-2479,CWE-78
CVE-2023-1698,CWE-78
CVE-2022-44877,CWE-78
CVE-2022-40624,CWE-78
CVE-2022-37061,CWE-78
CVE-2022-33891,CWE-78
CVE-2022-31814,CWE-78
CVE-2022-31499,CWE-78
CVE-2022-31161,CWE-78
CVE-2022-29303,CWE-78
CVE-2022-24288,CWE-78
CVE-2022-2185,CWE-78
CVE-2021-46704,CWE-78
CVE-2021-45382,CWE-78
CVE-2021-42071,CWE-78
CVE-2021-36380,CWE-78
CVE-2021-35394,CWE-78
CVE-2021-33544,CWE-78
CVE-2021-33357,CWE-78
CVE-2021-32305,CWE-78
CVE-2021-31324,CWE-78
CVE-2021-28151,CWE-78
CVE-2021-27561,CWE-78
CVE-2021-25298,CWE-78
CVE-2021-25297,CWE-78
CVE-2021-25296,CWE-78
CVE-2021-22502,CWE-78
CVE-2021-21881,CWE-78
CVE-2021-21805,CWE-78
CVE-2021-21315,CWE-78
CVE-2021-20837,CWE-78
CVE-2021-1497,CWE-78
CVE-2021-1498,CWE-78
CVE-2020-9054,CWE-78
CVE-2020-8813,CWE-78
CVE-2020-8654,CWE-78
CVE-2020-8515,CWE-78
CVE-2020-7980,CWE-78
CVE-2020-35729,CWE-78
CVE-2020-35476,CWE-78
CVE-2020-28429,CWE-78
CVE-2020-28188,CWE-78
CVE-2020-26217,CWE-78
CVE-2020-25223,CWE-78
CVE-2020-1956,CWE-78
CVE-2020-17505,CWE-78
CVE-2020-16846,CWE-78
CVE-2020-15920,CWE-78
CVE-2020-14144,CWE-78
CVE-2020-13851,CWE-78
CVE-2020-13167,CWE-78
CVE-2020-12641,CWE-78
CVE-2020-12124,CWE-78
CVE-2020-11978,CWE-78
CVE-2020-10987,CWE-78
CVE-2019-9194,CWE-78
CVE-2019-7256,CWE-78
CVE-2019-5129,CWE-78
CVE-2019-5128,CWE-78
CVE-2019-5127,CWE-78
CVE-2019-20504,CWE-78
CVE-2019-20224,CWE-78
CVE-2019-17270,CWE-78
CVE-2019-16662,CWE-78
CVE-2019-16072,CWE-78
CVE-2019-16057,CWE-78
CVE-2019-15107,CWE-78
CVE-2019-12988,CWE-78
CVE-2019-12987,CWE-78
CVE-2019-12986,CWE-78
CVE-2019-12985,CWE-78
CVE-2019-12725,CWE-78
CVE-2019-0232,CWE-78
CVE-2018-7841,CWE-78
CVE-2018-6530,CWE-78
CVE-2018-16167,CWE-78
CVE-2018-14933,CWE-78
CVE-2018-11138,CWE-78
CVE-2018-10818,CWE-78
CVE-2018-10562,CWE-78
CVE-2017-3506,CWE-78
CVE-2017-14535,CWE-78
CVE-2017-14135,CWE-78
CVE-2015-10141,CWE-78
CVE-2014-6271,CWE-78
CVE-2013-7285,CWE-78
CVE-2024-33113,CWE-77;CWE-79
CVE-2023-34105,CWE-77;CWE-78
CVE-2025-54782,CWE-77;CWE-352;CWE-78
CVE-2025-4009,CWE-77
CVE-2025-4008,CWE-77
CVE-2025-32813,CWE-77
CVE-2024-7029,CWE-77
CVE-2024-39914,CWE-77
CVE-2024-38288,CWE-77
CVE-2024-29895,CWE-77
CVE-2024-29269,CWE-77
CVE-2024-27348,CWE-77
CVE-2024-22729,CWE-77
CVE-2024-11320,CWE-77
CVE-2023-6634,CWE-77
CVE-2023-50917,CWE-77
CVE-2023-47253,CWE-77
CVE-2023-47218,CWE-77
CVE-2024-21887,CWE-77
CVE-2023-45852,CWE-77
CVE-2023-37679,CWE-77
CVE-2023-34960,CWE-77
CVE-2023-33831,CWE-77
CVE-2023-31446,CWE-77
CVE-2023-29084,CWE-77
CVE-2023-23333,CWE-77
CVE-2023-20889,CWE-77
CVE-2023-20887,CWE-77
CVE-2023-1671,CWE-77
CVE-2022-41800,CWE-77
CVE-2022-40881,CWE-77
CVE-2022-40022,CWE-77
CVE-2022-39986,CWE-77
CVE-2022-36804,CWE-77
CVE-2022-36553,CWE-77
CVE-2022-23881,CWE-77
goanywhere-mft-log4j-rce,CWE-77
vrealize-operations-log4j-rce,CWE-77
apache-ofbiz-log4j-rce,CWE-77
apache-solr-log4j-rce,CWE-77
jamf-pro-log4j-rce,CWE-77
cisco-broadworks-log4j-rce,CWE-77
cisco-cloudcenter-suite-log4j-rce,CWE-77
cisco-unified-communications-log4j-rce,CWE-77
cisco-vmanage-log4j-rce,CWE-77
cisco-webex-log4j-rce,CWE-77
code42-log4j-rce,CWE-77
jamf-log4j-rce,CWE-77
citrix-xenapp-log4j-rce,CWE-77
elasticsearch5-log4j-rce,CWE-77
f-secure-policymanager-log4j-rce,CWE-77
fortiportal-log4j-rce,CWE-77
graylog-log4j-rce,CWE-77
jitsi-meet-log4j-rce,CWE-77
logstash-log4j-rce,CWE-77
manage-engine-dc-log4j-rce,CWE-77
metabase-log4j-rce,CWE-77
okta-log4j-rce,CWE-77
opennms-log4j-rce,CWE-77
openshift-log4j-rce,CWE-77
papercut-log4j-rce,CWE-77
pega-log4j-rce,CWE-77
rundeck-log4j-rce,CWE-77
seeyon-oa-log4j-rce,CWE-77
sonicwall-nsm-log4j-rce,CWE-77
splunk-enterprise-log4j-rce,CWE-77
symantec-sepm-log4j-rce,CWE-77
unifi-network-log4j-rce,CWE-77
vmware-siterecovery-log4j-rce,CWE-77
vmware-hcx-log4j-rce,CWE-77
vmware-horizon-log4j-rce,CWE-77
vmware-nsx-log4j-rce,CWE-77
vmware-operation-manager-log4j-rce,CWE-77
vmware-vcenter-log4j-rce,CWE-77
flexnet-log4j-rce,CWE-77
CVE-2020-24949,CWE-77
CVE-2016-3081,CWE-77
CVE-2016-10108,CWE-77
CVE-2014-1203,CWE-77
CVE-2011-0518,CWE-77
CVE-2021-22911,CWE-75
CVE-2022-21705,CWE-74
CVE-2020-13942,CWE-74;CWE-20
CVE-2024-52875,CWE-74
CVE-2024-50340,CWE-74
CVE-2024-22319,CWE-74
CVE-2024-21645,CWE-74
CVE-2023-4450,CWE-74
CVE-2023-37462,CWE-74
CVE-2023-3380,CWE-74
CVE-2023-29827,CWE-74
CVE-2023-22621,CWE-74
CVE-2023-22527,CWE-74
CVE-2022-35914,CWE-74
CVE-2022-35507,CWE-74
CVE-2022-31137,CWE-74
CVE-2022-31126,CWE-74
CVE-2021-45092,CWE-74
CVE-2021-41282,CWE-74
CVE-2021-29156,CWE-74
CVE-2021-27132,CWE-74
CVE-2021-21479,CWE-74
CVE-2020-9757,CWE-74
CVE-2020-17496,CWE-74
CVE-2019-6802,CWE-74
CVE-2019-2725,CWE-74
CVE-2019-17558,CWE-74
CVE-2019-11581,CWE-74
CVE-2018-16763,CWE-74
CVE-2018-1000130,CWE-74
CVE-2022-37190,CWE-732
CVE-2021-38154,CWE-732
CVE-2021-37305,CWE-732
CVE-2021-37304,CWE-732
CVE-2021-25646,CWE-732
CVE-2018-14916,CWE-732
CVE-2018-12296,CWE-732
CVE-2018-1000226,CWE-732
CVE-2024-5334,CWE-73
CVE-2023-4634,CWE-73
CVE-2022-3800,CWE-707;CWE-89
CVE-2024-10914,CWE-707
CVE-2024-27292,CWE-706
CVE-2021-40856,CWE-706
CVE-2021-40539,CWE-706
CVE-2020-15505,CWE-706
CVE-2025-41646,CWE-704
CVE-2021-28918,CWE-704
CVE-2025-3102,CWE-697
CVE-2020-9425,CWE-670
CVE-2021-37704,CWE-668;CWE-200
CVE-2023-37645,CWE-668
CVE-2023-37599,CWE-668
CVE-2023-33510,CWE-668
CVE-2022-31846,CWE-668
CVE-2022-31845,CWE-668
CVE-2022-25481,CWE-668
CVE-2020-27361,CWE-668
CVE-2018-6910,CWE-668
CVE-2023-1719,CWE-665
CVE-2022-43939,CWE-647
CVE-2024-8517,CWE-646
CVE-2023-7028,CWE-640;CWE-284
CVE-2025-47646,CWE-640
CVE-2019-18818,CWE-640
CVE-2017-7615,CWE-640
CVE-2025-3605,CWE-639
CVE-2023-3219,CWE-639
CVE-2022-2535,CWE-639
CVE-2022-2034,CWE-639
CVE-2022-1580,CWE-639
CVE-2021-45428,CWE-639
CVE-2020-13700,CWE-639
CVE-2019-17574,CWE-639
CVE-2019-17382,CWE-639
CVE-2024-56512,CWE-638;CWE-862
CVE-2025-4322,CWE-620
CVE-2024-20419,CWE-620
CVE-2024-12824,CWE-620
CVE-2025-49493,CWE-611
CVE-2025-30220,CWE-611
CVE-2025-2777,CWE-611
CVE-2025-2776,CWE-611
CVE-2025-2775,CWE-611
CVE-2024-6893,CWE-611
CVE-2024-45293,CWE-611
CVE-2024-38653,CWE-611
CVE-2024-34102,CWE-611
CVE-2024-22024,CWE-611
CVE-2022-3980,CWE-611
CVE-2022-38840,CWE-611
CVE-2022-28219,CWE-611
CVE-2022-2414,CWE-611
CVE-2021-27931,CWE-611
CVE-2020-4463,CWE-611
CVE-2020-24589,CWE-611
CVE-2020-11991,CWE-611
CVE-2019-9757,CWE-611
CVE-2019-9670,CWE-611
CVE-2019-8086,CWE-611
CVE-2018-2392,CWE-611
CVE-2017-12629,CWE-611
CVE-2023-30943,CWE-610;CWE-73
CVE-2020-5412,CWE-610;CWE-441
CVE-2022-27593,CWE-610
CVE-2022-2633,CWE-610
CVE-2025-27888,CWE-601;CWE-79;CWE-918
CVE-2025-6197,CWE-601;CWE-79
CVE-2020-11034,CWE-601;CWE-185
CVE-2025-40630,CWE-601
CVE-2025-32970,CWE-601
CVE-2024-8883,CWE-601
CVE-2024-8021,CWE-601
CVE-2024-6289,CWE-601
CVE-2024-5936,CWE-601
CVE-2024-4940,CWE-601
CVE-2024-41955,CWE-601
CVE-2024-3032,CWE-601
CVE-2024-24763,CWE-601
CVE-2024-21641,CWE-601
CVE-2024-13888,CWE-601
CVE-2024-1183,CWE-601
CVE-2024-11044,CWE-601
CVE-2024-10908,CWE-601
CVE-2024-10812,CWE-601
CVE-2024-0337,CWE-601
CVE-2024-0250,CWE-601
CVE-2023-6786,CWE-601
CVE-2023-6389,CWE-601
CVE-2023-6380,CWE-601
CVE-2023-5375,CWE-601
CVE-2023-40779,CWE-601
CVE-2023-34020,CWE-601
CVE-2023-33405,CWE-601
CVE-2023-32068,CWE-601
CVE-2023-3139,CWE-601
CVE-2023-29204,CWE-601
CVE-2023-27292,CWE-601
CVE-2023-24735,CWE-601
CVE-2023-22432,CWE-601
CVE-2023-0876,CWE-601
CVE-2023-0552,CWE-601
CVE-2022-45917,CWE-601
CVE-2022-40083,CWE-601
CVE-2022-38131,CWE-601
CVE-2022-32444,CWE-601
CVE-2022-29272,CWE-601
CVE-2022-28923,CWE-601
CVE-2022-23102,CWE-601
CVE-2022-1058,CWE-601
CVE-2022-0869,CWE-601
CVE-2022-0692,CWE-601
CVE-2022-0597,CWE-601
CVE-2022-0165,CWE-601
CVE-2021-44528,CWE-601
CVE-2021-41826,CWE-601
CVE-2021-39501,CWE-601
CVE-2021-36580,CWE-601
CVE-2021-3654,CWE-601
CVE-2021-32618,CWE-601
CVE-2021-29622,CWE-601
CVE-2021-25111,CWE-601
CVE-2021-25074,CWE-601
CVE-2021-25033,CWE-601
CVE-2021-25028,CWE-601
CVE-2021-24838,CWE-601
CVE-2021-24406,CWE-601
CVE-2021-24358,CWE-601
CVE-2021-24288,CWE-601
CVE-2021-24210,CWE-601
CVE-2021-24165,CWE-601
CVE-2021-22873,CWE-601
CVE-2021-20031,CWE-601
CVE-2020-36365,CWE-601
CVE-2020-24550,CWE-601
CVE-2020-23015,CWE-601
CVE-2020-22840,CWE-601
CVE-2020-18268,CWE-601
CVE-2020-15129,CWE-601
CVE-2020-13121,CWE-601
CVE-2020-11529,CWE-601
CVE-2020-11515,CWE-601
CVE-2019-9915,CWE-601
CVE-2019-7275,CWE-601
CVE-2019-3912,CWE-601
CVE-2019-1943,CWE-601
CVE-2019-15774,CWE-601
CVE-2019-14223,CWE-601
CVE-2019-1010290,CWE-601
CVE-2019-10098,CWE-601
CVE-2018-6200,CWE-601
CVE-2018-17422,CWE-601
CVE-2018-16761,CWE-601
CVE-2018-14931,CWE-601
CVE-2018-14574,CWE-601
CVE-2018-14474,CWE-601
CVE-2018-12300,CWE-601
CVE-2018-11784,CWE-601
CVE-2018-1000671,CWE-601
CVE-2017-5871,CWE-601
CVE-2017-3528,CWE-601
CVE-2017-14524,CWE-601
CVE-2017-12138,CWE-601
CVE-2017-11586,CWE-601
CVE-2017-1000163,CWE-601
CVE-2016-10368,CWE-601
CVE-2015-5354,CWE-601
CVE-2015-4668,CWE-601
CVE-2015-2863,CWE-601
CVE-2014-9617,CWE-601
CVE-2014-9180,CWE-601
CVE-2013-2621,CWE-601
CVE-2008-1547,CWE-601
headless-open-redirect,CWE-601
CVE-2009-0347,CWE-59
CVE-2023-35885,CWE-565
CVE-2025-11371,CWE-552
CVE-2024-6911,CWE-552
CVE-2024-4836,CWE-552
CVE-2024-13126,CWE-552
CVE-2023-6114,CWE-552
CVE-2023-33568,CWE-552
CVE-2023-2766,CWE-552
CVE-2022-44356,CWE-552
CVE-2022-4140,CWE-552
CVE-2022-33901,CWE-552
CVE-2022-26271,CWE-552
CVE-2022-25497,CWE-552
CVE-2022-0656,CWE-552
CVE-2020-24312,CWE-552
CVE-2020-17519,CWE-552
CVE-2025-11750,CWE-544
CVE-2024-51977,CWE-538
CVE-2024-20440,CWE-532
CVE-2020-35234,CWE-532
CVE-2018-8719,CWE-532
CVE-2025-28228,CWE-522
CVE-2024-9014,CWE-522
CVE-2022-1026,CWE-522
CVE-2021-44451,CWE-522
CVE-2021-30116,CWE-522
CVE-2020-29583,CWE-522
CVE-2020-13945,CWE-522
CVE-2019-17444,CWE-521
CVE-2023-43208,CWE-502;CWE-78
CVE-2025-10035,CWE-502;CWE-77
CVE-2023-21839,CWE-502;CWE-306
CVE-2021-27850,CWE-502;CWE-200
CVE-2025-53770,CWE-502
CVE-2025-5086,CWE-502
CVE-2025-49113,CWE-502
CVE-2025-30406,CWE-502
CVE-2025-25034,CWE-502
CVE-2025-24016,CWE-502
CVE-2024-8353,CWE-502
CVE-2024-5932,CWE-502
CVE-2024-5488,CWE-502
CVE-2024-52433,CWE-502
CVE-2024-40711,CWE-502
CVE-2024-3300,CWE-502
CVE-2024-22320,CWE-502
CVE-2024-0692,CWE-502
CVE-2023-6933,CWE-502
CVE-2023-47248,CWE-502
CVE-2023-44353,CWE-502
CVE-2023-40044,CWE-502
CVE-2023-38203,CWE-502
CVE-2023-30534,CWE-502
CVE-2023-29300,CWE-502
CVE-2023-27372,CWE-502
CVE-2023-25194,CWE-502
CVE-2023-25135,CWE-502
CVE-2023-20888,CWE-502
CVE-2023-20864,CWE-502
CVE-2023-0669,CWE-502
CVE-2022-47986,CWE-502
CVE-2022-35405,CWE-502
CVE-2021-45046-DAST,CWE-502
apache-druid-log4j-rce,CWE-502
xenmobile-server-log4j-rce,CWE-502
springboot-log4j-rce,CWE-502
CVE-2021-42237,CWE-502
CVE-2021-39152,CWE-502
CVE-2021-35587,CWE-502
CVE-2021-35464,CWE-502
CVE-2021-3287,CWE-502
CVE-2021-30128,CWE-502
CVE-2021-29505,CWE-502
CVE-2021-29200,CWE-502
CVE-2021-26295,CWE-502
CVE-2020-9548,CWE-502
CVE-2020-9547,CWE-502
CVE-2020-9496,CWE-502
CVE-2020-9484,CWE-502
CVE-2020-7961,CWE-502
CVE-2020-29047,CWE-502
CVE-2020-2883,CWE-502
CVE-2020-15148,CWE-502
CVE-2020-10189,CWE-502
CVE-2020-0618,CWE-502
CVE-2019-9874,CWE-502
CVE-2019-6340,CWE-502
CVE-2019-5434,CWE-502
CVE-2019-17564,CWE-502
CVE-2019-10068,CWE-502
CVE-2019-0192,CWE-502
CVE-2018-19276,CWE-502
CVE-2018-1000861,CWE-502
CVE-2017-9805,CWE-502
CVE-2017-12149,CWE-502
CVE-2025-53364,CWE-497
CVE-2023-36845,CWE-473
CVE-2023-36844,CWE-473
CVE-2024-0200,CWE-470
CVE-2021-39327,CWE-459;CWE-200
CVE-2023-41265,CWE-444
CVE-2022-22536,CWE-444
CVE-2023-48023,CWE-441;CWE-918
CVE-2025-24813,CWE-44;CWE-502
CVE-2021-25003,CWE-434;CWE-94
CVE-2022-1329,CWE-434;CWE-862
CVE-2022-0415,CWE-434;CWE-20
CVE-2025-6058,CWE-434
CVE-2025-5961,CWE-434
CVE-2025-3515,CWE-434
CVE-2025-34085,CWE-434
CVE-2025-31324,CWE-434
CVE-2025-26319,CWE-434
CVE-2025-1025,CWE-434
CVE-2024-8856,CWE-434
CVE-2024-8425,CWE-434
CVE-2024-6366,CWE-434
CVE-2024-5827,CWE-434
CVE-2024-55417,CWE-434
CVE-2024-5084,CWE-434
CVE-2024-50623,CWE-434
CVE-2024-44849,CWE-434
CVE-2024-43160,CWE-434
CVE-2024-36858,CWE-434
CVE-2024-34982,CWE-434
CVE-2024-29272,CWE-434
CVE-2024-27115,CWE-434
CVE-2024-2667,CWE-434
CVE-2024-0939,CWE-434
CVE-2024-0713,CWE-434
CVE-2024-0352,CWE-434
CVE-2023-5360,CWE-434
CVE-2023-51409,CWE-434
CVE-2023-48777,CWE-434
CVE-2023-47873,CWE-434
CVE-2023-4596,CWE-434
CVE-2023-4220,CWE-434
CVE-2023-3836,CWE-434
CVE-2023-37629,CWE-434
CVE-2023-3722,CWE-434
CVE-2023-33440,CWE-434
CVE-2023-27179,CWE-434
CVE-2023-2648,CWE-434
CVE-2022-47615,CWE-434
CVE-2022-46020,CWE-434
CVE-2022-4328,CWE-434
CVE-2022-3982,CWE-434
CVE-2022-38296,CWE-434
CVE-2022-31854,CWE-434
CVE-2022-25487,CWE-434
CVE-2022-1952,CWE-434
CVE-2021-4436,CWE-434
CVE-2021-43421,CWE-434
CVE-2021-39146,CWE-434
CVE-2021-39141,CWE-434
CVE-2021-36356,CWE-434
CVE-2021-34624,CWE-434
CVE-2021-30118,CWE-434
CVE-2021-27964,CWE-434
CVE-2021-24499,CWE-434
CVE-2021-24370,CWE-434
CVE-2021-24284,CWE-434
CVE-2021-24236,CWE-434
CVE-2021-24220,CWE-434
CVE-2021-24212,CWE-434
CVE-2021-24155,CWE-434
CVE-2021-24145,CWE-434
CVE-2021-21351,CWE-434
CVE-2020-29597,CWE-434
CVE-2020-28871,CWE-434
CVE-2020-25213,CWE-434
CVE-2020-24186,CWE-434
CVE-2020-23972,CWE-434
CVE-2020-12800,CWE-434
CVE-2019-20183,CWE-434
CVE-2019-18952,CWE-434
CVE-2018-20526,CWE-434
CVE-2018-15961,CWE-434
CVE-2018-10942,CWE-434
CVE-2017-6090,CWE-434
CVE-2017-12617,CWE-434
CVE-2017-12615,CWE-434
CVE-2016-15042,CWE-434
CVE-2015-9499,CWE-434
CVE-2015-4455,CWE-434
CVE-2014-8739,CWE-434
CVE-2024-6188,CWE-425
CVE-2024-45195,CWE-425
CVE-2024-0204,CWE-425
CVE-2022-4057,CWE-425
CVE-2022-31847,CWE-425
CVE-2022-28365,CWE-425
CVE-2022-26159,CWE-425
CVE-2022-2551,CWE-425
CVE-2022-2544,CWE-425
CVE-2022-25369,CWE-425
CVE-2021-40875,CWE-425
CVE-2021-28150,CWE-425
CVE-2021-26085,CWE-425
CVE-2021-20114,CWE-425
CVE-2019-17503,CWE-425
CVE-2019-12583,CWE-425
CVE-2018-19207,CWE-425
CVE-2017-17736,CWE-425
CVE-2025-48828,CWE-424
CVE-2025-48827,CWE-424
CVE-2022-31798,CWE-384
CVE-2018-18925,CWE-384
CVE-2025-34027,CWE-367
CVE-2022-3590,CWE-367
CVE-2025-46822,CWE-36
CVE-2024-48248,CWE-36
CVE-2024-13161,CWE-36
CVE-2024-13160,CWE-36
CVE-2024-13159,CWE-36
CVE-2023-3765,CWE-36
CVE-2022-0482,CWE-359;CWE-863
CVE-2024-45591,CWE-359;CWE-862
CVE-2025-54125,CWE-359
CVE-2024-11396,CWE-359
CVE-2023-50719,CWE-359
CVE-2022-24819,CWE-359
CVE-2021-24947,CWE-352;CWE-863
CVE-2025-47204,CWE-352
CVE-2022-1574,CWE-352
CVE-2022-1020,CWE-352
CVE-2022-0952,CWE-352
CVE-2021-25052,CWE-352
CVE-2021-25032,CWE-352
CVE-2020-8615,CWE-352
CVE-2020-5776,CWE-352
CVE-2019-11886,CWE-352
CVE-2018-7700,CWE-352
CVE-2015-2755,CWE-352
CVE-2020-26073,CWE-35
CVE-2025-31489,CWE-347
CVE-2024-8698,CWE-347
CVE-2024-47073,CWE-347
CVE-2020-9047,CWE-347
CVE-2020-16952,CWE-346
CVE-2019-17228,CWE-345
CVE-2024-38353,CWE-338
CVE-2024-29868,CWE-338
CVE-2025-2539,CWE-327
CVE-2023-34039,CWE-327
CVE-2018-18325,CWE-326
CVE-2018-15811,CWE-326
CVE-2017-1000486,CWE-326
CVE-2023-27584,CWE-321
CVE-2024-6049,CWE-32
CVE-2024-37393,CWE-319;CWE-89
CVE-2024-25735,CWE-319
CVE-2024-3742,CWE-312
CVE-2022-26148,CWE-312
CVE-2024-36857,CWE-31
CVE-2020-15906,CWE-307
CVE-2025-34073,CWE-306;CWE-78
CVE-2025-34077,CWE-306;CWE-434;CWE-94
CVE-2022-23944,CWE-306;CWE-862
CVE-2021-39144,CWE-306;CWE-502
CVE-2024-23917,CWE-306;CWE-288
CVE-2023-46747,CWE-306;CWE-288
CVE-2021-24219,CWE-306;CWE-284
CVE-2021-38540,CWE-306;CWE-269
CVE-2021-34621,CWE-306;CWE-269
CVE-2025-58434,CWE-306
CVE-2025-53118,CWE-306
CVE-2025-49596,CWE-306
CVE-2025-3248,CWE-306
CVE-2024-5947,CWE-306
CVE-2024-5910,CWE-306
CVE-2024-51567,CWE-306
CVE-2024-46506,CWE-306
CVE-2024-32735,CWE-306
CVE-2024-0012,CWE-306
CVE-2023-37265,CWE-306
CVE-2023-36347,CWE-306
CVE-2023-22047,CWE-306
CVE-2022-38870,CWE-306
CVE-2022-38817,CWE-306
CVE-2022-31260,CWE-306
CVE-2022-26833,CWE-306
CVE-2022-24990,CWE-306
CVE-2022-21587,CWE-306
CVE-2022-1598,CWE-306
CVE-2022-1388,CWE-306
CVE-2022-0424,CWE-306
CVE-2022-0140,CWE-306
CVE-2021-46424,CWE-306
CVE-2021-45232,CWE-306
CVE-2021-44260,CWE-306
CVE-2021-44152,CWE-306
CVE-2021-44077,CWE-306
CVE-2021-41266,CWE-306
CVE-2021-38147,CWE-306
CVE-2021-33221,CWE-306
CVE-2021-29442,CWE-306
CVE-2021-29203,CWE-306
CVE-2021-27358,CWE-306
CVE-2021-25094,CWE-306
CVE-2021-1499,CWE-306
CVE-2020-9480,CWE-306
CVE-2020-9315,CWE-306
CVE-2020-8497,CWE-306
CVE-2020-6287,CWE-306
CVE-2020-6207,CWE-306
CVE-2020-3952,CWE-306
CVE-2020-35951,CWE-306
CVE-2020-27986,CWE-306
CVE-2020-26876,CWE-306
CVE-2020-13405,CWE-306
CVE-2020-12720,CWE-306
CVE-2020-12478,CWE-306
CVE-2020-12127,CWE-306
CVE-2020-11547,CWE-306
CVE-2020-10973,CWE-306
CVE-2019-9881,CWE-306
CVE-2019-9880,CWE-306
CVE-2019-9879,CWE-306
CVE-2019-8449,CWE-306
CVE-2019-17232,CWE-306
CVE-2019-15858,CWE-306
CVE-2017-10271,CWE-306
CVE-2023-0777,CWE-305
CVE-2025-57808,CWE-303
CVE-2023-29357,CWE-303
CVE-2024-43441,CWE-302
CVE-2024-4358,CWE-290;CWE-502
CVE-2024-41107,CWE-290
CVE-2022-24112,CWE-290
CVE-2022-23131,CWE-290
CVE-2021-29441,CWE-290
CVE-2023-1177,CWE-29;CWE-22
CVE-2024-8859,CWE-29
CVE-2024-6396,CWE-29
CVE-2024-4841,CWE-29
CVE-2024-3848,CWE-29
CVE-2024-2928,CWE-29
CVE-2024-1561,CWE-29
CVE-2024-1483,CWE-29
CVE-2023-6977,CWE-29
CVE-2023-6909,CWE-29
CVE-2023-2780,CWE-29
CVE-2025-57819,CWE-288;CWE-89
CVE-2024-1709,CWE-288
CVE-2023-2732,CWE-288
CVE-2024-50477,CWE-288;CWE-306
CVE-2024-10924,CWE-288;CWE-306
CVE-2020-27866,CWE-288;CWE-287
CVE-2025-4427,CWE-288
CVE-2025-34026,CWE-288
CVE-2025-27225,CWE-288
CVE-2025-0674,CWE-288
CVE-2024-9989,CWE-288
CVE-2024-56325,CWE-288
CVE-2024-50334,CWE-288
CVE-2024-27198,CWE-288
CVE-2024-10081,CWE-288
CVE-2023-42793,CWE-288
CVE-2023-2982,CWE-288
CVE-2020-7136,CWE-288
CVE-2024-37152,CWE-287;CWE-306
CVE-2021-32648,CWE-287
CVE-2024-11680,CWE-287;CWE-863
CVE-2023-34124,CWE-287;CWE-305
CVE-2020-10148,CWE-287;CWE-288
CVE-2022-23134,CWE-287;CWE-284
CVE-2020-8193,CWE-287;CWE-284
CVE-2021-1472,CWE-287;CWE-119
CVE-2025-61882,CWE-287
CVE-2025-53771,CWE-287
CVE-2025-34143,CWE-287
CVE-2025-32815,CWE-287
CVE-2025-31161,CWE-287
CVE-2025-29927,CWE-287
CVE-2025-2747,CWE-287
CVE-2025-2746,CWE-287
CVE-2025-27112,CWE-287
CVE-2025-20281,CWE-287
CVE-2025-0108,CWE-287
CVE-2024-8181,CWE-287
CVE-2024-7593,CWE-287
CVE-2024-6235,CWE-287
CVE-2024-57050,CWE-287
CVE-2024-57049,CWE-287
CVE-2024-53704,CWE-287
CVE-2024-49757,CWE-287
CVE-2024-47533,CWE-287
CVE-2024-28255,CWE-287
CVE-2024-26331,CWE-287
CVE-2024-24116,CWE-287
CVE-2024-23163,CWE-287
CVE-2023-6329,CWE-287
CVE-2023-5830,CWE-287
CVE-2023-46805,CWE-287
CVE-2023-4568,CWE-287
CVE-2023-42442,CWE-287
CVE-2023-37266,CWE-287
CVE-2023-35082,CWE-287
CVE-2023-35078,CWE-287
CVE-2023-32243,CWE-287
CVE-2023-28121,CWE-287
CVE-2023-27482,CWE-287
CVE-2023-22893,CWE-287
CVE-2022-3477,CWE-287
CVE-2022-34267,CWE-287
CVE-2022-32429,CWE-287
CVE-2022-31656,CWE-287
CVE-2022-29775,CWE-287
CVE-2022-28955,CWE-287
CVE-2022-23178,CWE-287
CVE-2022-22972,CWE-287
CVE-2022-22956,CWE-287
CVE-2022-0540,CWE-287
CVE-2021-44515,CWE-287
CVE-2021-4191,CWE-287
CVE-2021-39226,CWE-287
CVE-2021-39165,CWE-287
CVE-2021-38647,CWE-287
CVE-2021-37580,CWE-287
CVE-2021-33045,CWE-287
CVE-2021-33044,CWE-287
CVE-2021-31602,CWE-287
CVE-2021-27651,CWE-287
CVE-2021-26598,CWE-287
CVE-2021-25281,CWE-287
CVE-2021-24647,CWE-287
CVE-2021-24527,CWE-287
CVE-2021-24175,CWE-287
CVE-2020-8771,CWE-287
CVE-2020-5777,CWE-287
CVE-2020-4427,CWE-287
CVE-2020-27838,CWE-287
CVE-2020-26214,CWE-287
CVE-2020-24579,CWE-287
CVE-2020-17526,CWE-287
CVE-2019-20933,CWE-287
CVE-2018-8715,CWE-287
CVE-2018-3810,CWE-287
CVE-2018-19458,CWE-287
CVE-2018-17431,CWE-287
CVE-2018-12613,CWE-287
CVE-2017-7921,CWE-287
CVE-2018-17153,CWE-287
CVE-2014-9618,CWE-287
CVE-2001-0537,CWE-287
CVE-2021-39341,CWE-285;CWE-863
CVE-2025-46554,CWE-285
CVE-2025-29927-HEADLESS,CWE-285
CVE-2025-29925,CWE-285
CVE-2024-34257,CWE-285
CVE-2023-48241,CWE-285
CVE-2023-2227,CWE-285
CVE-2022-25237,CWE-285
CVE-2020-36333,CWE-285
CVE-2021-24215,CWE-284;CWE-425;CWE-284
CVE-2023-23752,CWE-284;CWE-400
CVE-2023-38205,CWE-284
CVE-2023-29298,CWE-284
CVE-2023-27350,CWE-284
CVE-2023-24489,CWE-284
CVE-2023-22232,CWE-284
CVE-2022-0824,CWE-284;CWE-863
CVE-2025-30208,CWE-284
CVE-2025-28367,CWE-284
CVE-2025-27134,CWE-284
CVE-2024-9617,CWE-284
CVE-2024-7954,CWE-284
CVE-2024-7714,CWE-284
CVE-2024-46627,CWE-284
CVE-2024-33610,CWE-284
CVE-2024-27497,CWE-284
CVE-2024-25852,CWE-284
CVE-2024-25723,CWE-284
CVE-2024-21644,CWE-284
CVE-2024-20767,CWE-284
CVE-2024-0881,CWE-284
CVE-2023-26360,CWE-284
CVE-2023-26347,CWE-284
CVE-2019-2729,CWE-284
CVE-2016-4437,CWE-284
CVE-2015-4050,CWE-284
CVE-2015-3224,CWE-284
CVE-2015-1427,CWE-284
CVE-2015-1000010,CWE-284
CVE-2014-3120,CWE-284
CVE-2024-46310,CWE-281
CVE-2024-7314,CWE-280
CVE-2023-2059,CWE-28
CVE-2020-7943,CWE-276
CVE-2024-55956,CWE-276
CVE-2023-29923,CWE-276
CVE-2023-29919,CWE-276
CVE-2017-11610,CWE-276
CVE-2024-24809,CWE-27
CVE-2022-0441,CWE-269
CVE-2021-31581,CWE-269;CWE-312
CVE-2025-6934,CWE-269
CVE-2025-47539,CWE-269
CVE-2025-4334,CWE-269
CVE-2025-2563,CWE-269
CVE-2023-3460,CWE-269
CVE-2022-4305,CWE-269
CVE-2022-24637,CWE-269
CVE-2021-35064,CWE-269
CVE-2021-34622,CWE-269
CVE-2021-20021,CWE-269
CVE-2020-36155,CWE-269
CVE-2020-13638,CWE-269
CVE-2017-5689,CWE-269
CVE-2016-10972,CWE-269
CVE-2024-28000,CWE-266
CVE-2025-27007,CWE-266
CVE-2015-2794,CWE-264
CVE-2014-9735,CWE-264
CVE-2010-1429,CWE-264
CVE-2025-57788,CWE-259
CVE-2024-7332,CWE-259
CVE-2023-5222,CWE-259
CVE-2025-57789,CWE-257
CVE-2010-0219,CWE-255
CVE-2025-47423,CWE-24
CVE-2020-5410,CWE-23;CWE-22
CVE-2025-55748,CWE-23
CVE-2025-55747,CWE-23
CVE-2025-52207,CWE-23
CVE-2024-27199,CWE-23
CVE-2024-2053,CWE-23
CVE-2023-2356,CWE-23
CVE-2021-40870,CWE-23
CVE-2024-55550,CWE-22;CWE-89
CVE-2024-48766,CWE-22;CWE-698
CVE-2025-34040,CWE-22;CWE-434
CVE-2025-27222,CWE-22;CWE-35
CVE-2024-36991,CWE-22;CWE-35
CVE-2025-55169,CWE-22;CWE-287
CVE-2024-23897,CWE-22;CWE-27
CVE-2019-5418,CWE-22
CVE-2024-46986,CWE-22;CWE-74
CVE-2023-6831,CWE-22;CWE-29
CVE-2023-6023,CWE-22;CWE-29
CVE-2023-6021,CWE-22;CWE-29
CVE-2023-35813,CWE-22;CWE-23
CVE-2022-23854,CWE-22;CWE-23
CVE-2020-5405,CWE-22;CWE-23
CVE-2020-5284,CWE-22;CWE-23
CVE-2020-17518,CWE-22;CWE-23
CVE-2021-41277,CWE-22;CWE-200
CVE-2020-3452,CWE-22;CWE-20
CVE-2018-0296,CWE-22;CWE-20
CVE-2025-61666,CWE-22
CVE-2025-59049,CWE-22
CVE-2025-58751,CWE-22
CVE-2025-4632,CWE-22
CVE-2025-44177,CWE-22
CVE-2025-34031,CWE-22
CVE-2025-34028,CWE-22
CVE-2025-34023,CWE-22
CVE-2025-31131,CWE-22
CVE-2025-30567,CWE-22
CVE-2025-2636,CWE-22
CVE-2025-25231,CWE-22
CVE-2025-24963,CWE-22
CVE-2025-2294,CWE-22
CVE-2025-2264,CWE-22
CVE-2025-1743,CWE-22
CVE-2025-1661,CWE-22
CVE-2025-1035,CWE-22
CVE-2024-9935,CWE-22
CVE-2024-9047,CWE-22
CVE-2024-8963,CWE-22
CVE-2024-8752,CWE-22
CVE-2024-7928,CWE-22
CVE-2024-7399,CWE-22
CVE-2024-6781,CWE-22
CVE-2024-6460,CWE-22
CVE-2024-55457,CWE-22
CVE-2024-55415,CWE-22
CVE-2024-51483,CWE-22
CVE-2024-4956,CWE-22
CVE-2024-4885,CWE-22
CVE-2024-45309,CWE-22
CVE-2024-45241,CWE-22
CVE-2024-41628,CWE-22
CVE-2024-40422,CWE-22
CVE-2024-40348,CWE-22
CVE-2024-39903,CWE-22
CVE-2024-38816,CWE-22
CVE-2024-37728,CWE-22
CVE-2024-37032,CWE-22
CVE-2024-36527,CWE-22
CVE-2024-36117,CWE-22
CVE-2024-36104,CWE-22
CVE-2024-41713,CWE-22
CVE-2024-35219,CWE-22
CVE-2024-34470,CWE-22
CVE-2024-33605,CWE-22
CVE-2024-32399,CWE-22
CVE-2024-3234,CWE-22
CVE-2024-38856,CWE-22
CVE-2024-32113,CWE-22
CVE-2024-31851,CWE-22
CVE-2024-31850,CWE-22
CVE-2024-31849,CWE-22
CVE-2024-31848,CWE-22
CVE-2024-28995,CWE-22
CVE-2024-24565,CWE-22
CVE-2024-23334,CWE-22
CVE-2024-21633,CWE-22
CVE-2024-1728,CWE-22
CVE-2024-12849,CWE-22
CVE-2024-11303,CWE-22
CVE-2024-10708,CWE-22
CVE-2023-6989,CWE-22
CVE-2023-6623,CWE-22
CVE-2023-5991,CWE-22
CVE-2023-52085,CWE-22
CVE-2023-51449,CWE-22
CVE-2023-47246,CWE-22
CVE-2023-47211,CWE-22
CVE-2023-46455,CWE-22
CVE-2023-45855,CWE-22
CVE-2023-43662,CWE-22
CVE-2023-41599,CWE-22
CVE-2023-39143,CWE-22
CVE-2023-39141,CWE-22
CVE-2023-39120,CWE-22
CVE-2023-39026,CWE-22
CVE-2023-38950,CWE-22
CVE-2023-38879,CWE-22
CVE-2023-37474,CWE-22
CVE-2023-35844,CWE-22
CVE-2023-35843,CWE-22
CVE-2023-34843,CWE-22
CVE-2023-34598,CWE-22
CVE-2023-34259,CWE-22
CVE-2023-32563,CWE-22
CVE-2023-32315,CWE-22
CVE-2023-32235,CWE-22
CVE-2023-31059,CWE-22
CVE-2023-29887,CWE-22
CVE-2023-2825,CWE-22
CVE-2023-27640,CWE-22
CVE-2023-27639,CWE-22
CVE-2023-2745,CWE-22
CVE-2023-26802,CWE-22
CVE-2023-26469,CWE-22
CVE-2023-26256,CWE-22
CVE-2023-26255,CWE-22
CVE-2023-23063,CWE-22
CVE-2023-2252,CWE-22
CVE-2023-0947,CWE-22
CVE-2023-0126,CWE-22
CVE-2022-48323,CWE-22
CVE-2022-47945,CWE-22
CVE-2022-47501,CWE-22
CVE-2022-45269,CWE-22
CVE-2022-41840,CWE-22
CVE-2022-41352,CWE-22
CVE-2022-40734,CWE-22
CVE-2022-4063,CWE-22
CVE-2022-40443,CWE-22
CVE-2022-38794,CWE-22
CVE-2022-37299,CWE-22
CVE-2022-37122,CWE-22
CVE-2022-32409,CWE-22
CVE-2022-31706,CWE-22
CVE-2022-31704,CWE-22
CVE-2022-31474,CWE-22
CVE-2022-31268,CWE-22
CVE-2022-29464,CWE-22
CVE-2022-29298,CWE-22
CVE-2022-2863,CWE-22
CVE-2022-37042,CWE-22
CVE-2022-27043,CWE-22
CVE-2022-26960,CWE-22
CVE-2022-26352,CWE-22
CVE-2022-26233,CWE-22
CVE-2022-25216,CWE-22
CVE-2022-24716,CWE-22
CVE-2022-23347,CWE-22
CVE-2022-21371,CWE-22
CVE-2022-1392,CWE-22
CVE-2022-1391,CWE-22
CVE-2022-1390,CWE-22
CVE-2022-1119,CWE-22
CVE-2022-0679,CWE-22
CVE-2021-46417,CWE-22
CVE-2021-46104,CWE-22
CVE-2021-45967,CWE-22
CVE-2021-45027,CWE-22
CVE-2021-44138,CWE-22
CVE-2021-43831,CWE-22
CVE-2021-43798,CWE-22
CVE-2021-43778,CWE-22
CVE-2021-43734,CWE-22
CVE-2021-43496,CWE-22
CVE-2021-43495,CWE-22
CVE-2021-42013,CWE-22
CVE-2021-41773,CWE-22
CVE-2021-41381,CWE-22
CVE-2021-41293,CWE-22
CVE-2021-41291,CWE-22
CVE-2021-40978,CWE-22
CVE-2021-40960,CWE-22
CVE-2021-40661,CWE-22
CVE-2021-40651,CWE-22
CVE-2021-39316,CWE-22
CVE-2021-39312,CWE-22
CVE-2021-38146,CWE-22
CVE-2021-35380,CWE-22
CVE-2021-35250,CWE-22
CVE-2021-34805,CWE-22
CVE-2021-33807,CWE-22
CVE-2021-3374,CWE-22
CVE-2021-3293,CWE-22
CVE-2021-32682,CWE-22
CVE-2021-3223,CWE-22
CVE-2021-30497,CWE-22
CVE-2021-3019,CWE-22
CVE-2021-29006,CWE-22
CVE-2021-28377,CWE-22
CVE-2021-28149,CWE-22
CVE-2021-26294,CWE-22
CVE-2021-26086,CWE-22
CVE-2021-25864,CWE-22
CVE-2021-24970,CWE-22
CVE-2021-24644,CWE-22
CVE-2021-22005,CWE-22
CVE-2021-21972,CWE-22
CVE-2021-21402,CWE-22
CVE-2021-21234,CWE-22
CVE-2021-20124,CWE-22
CVE-2021-20123,CWE-22
CVE-2020-8982,CWE-22
CVE-2020-8641,CWE-22
CVE-2020-8209,CWE-22
CVE-2020-6950,CWE-22
CVE-2020-5902,CWE-22
CVE-2020-35749,CWE-22
CVE-2020-35736,CWE-22
CVE-2020-35598,CWE-22
CVE-2020-35580,CWE-22
CVE-2020-3187,CWE-22
CVE-2020-29453,CWE-22
CVE-2020-27467,CWE-22
CVE-2020-27191,CWE-22
CVE-2020-25780,CWE-22
CVE-2020-25540,CWE-22
CVE-2020-24571,CWE-22
CVE-2020-19360,CWE-22
CVE-2020-15050,CWE-22
CVE-2020-14864,CWE-22
CVE-2020-13886,CWE-22
CVE-2020-13158,CWE-22
CVE-2020-12447,CWE-22
CVE-2020-12116,CWE-22
CVE-2020-11798,CWE-22
CVE-2020-11738,CWE-22
CVE-2020-11455,CWE-22
CVE-2019-9922,CWE-22
CVE-2019-9726,CWE-22
CVE-2019-9618,CWE-22
CVE-2019-8943,CWE-22
CVE-2019-8903,CWE-22
CVE-2019-7254,CWE-22
CVE-2019-7194,CWE-22
CVE-2019-7195,CWE-22
CVE-2019-3799,CWE-22
CVE-2019-3398,CWE-22
CVE-2019-3396,CWE-22
CVE-2019-19781,CWE-22
CVE-2019-18922,CWE-22
CVE-2019-18665,CWE-22
CVE-2019-18393,CWE-22
CVE-2019-17662,CWE-22
CVE-2019-17538,CWE-22
CVE-2019-16278,CWE-22
CVE-2019-16123,CWE-22
CVE-2019-14530,CWE-22
CVE-2019-14322,CWE-22
CVE-2019-14312,CWE-22
CVE-2019-14251,CWE-22
CVE-2019-14205,CWE-22
CVE-2019-13396,CWE-22
CVE-2019-12990,CWE-22
CVE-2019-12593,CWE-22
CVE-2019-12314,CWE-22
CVE-2019-12276,CWE-22
CVE-2019-11510,CWE-22
CVE-2019-11013,CWE-22
CVE-2019-10717,CWE-22
CVE-2018-9205,CWE-22
CVE-2018-9118,CWE-22
CVE-2018-8727,CWE-22
CVE-2018-7719,CWE-22
CVE-2018-7490,CWE-22
CVE-2018-7467,CWE-22
CVE-2018-7422,CWE-22
CVE-2018-6184,CWE-22
CVE-2018-3714,CWE-22
CVE-2018-20470,CWE-22
CVE-2018-20463,CWE-22
CVE-2018-19753,CWE-22
CVE-2018-19365,CWE-22
CVE-2018-18809,CWE-22
CVE-2018-18777,CWE-22
CVE-2018-18323,CWE-22
CVE-2018-16836,CWE-22
CVE-2018-16716,CWE-22
CVE-2018-16341,CWE-22
CVE-2018-16299,CWE-22
CVE-2018-16283,CWE-22
CVE-2018-16133,CWE-22
CVE-2018-15535,CWE-22
CVE-2018-15138,CWE-22
CVE-2018-14918,CWE-22
CVE-2018-14912,CWE-22
CVE-2018-13980,CWE-22
CVE-2018-12909,CWE-22
CVE-2018-1271,CWE-22
CVE-2018-12054,CWE-22
CVE-2018-12031,CWE-22
CVE-2018-11759,CWE-22
CVE-2018-10956,CWE-22
CVE-2018-10201,CWE-22
CVE-2017-9965,CWE-22
CVE-2017-9833,CWE-22
CVE-2017-9416,CWE-22
CVE-2017-5982,CWE-22
CVE-2017-16877,CWE-22
CVE-2017-16806,CWE-22
CVE-2017-15363,CWE-22
CVE-2017-14849,CWE-22
CVE-2017-14537,CWE-22
CVE-2017-12637,CWE-22
CVE-2017-11512,CWE-22
CVE-2017-10974,CWE-22
CVE-2017-1000170,CWE-22
CVE-2017-1000028,CWE-22
CVE-2016-7552,CWE-22
CVE-2016-6601,CWE-22
CVE-2016-2389,CWE-22
CVE-2016-10924,CWE-22
CVE-2016-10367,CWE-22
CVE-2015-9480,CWE-22
CVE-2015-9406,CWE-22
CVE-2015-7780,CWE-22
CVE-2015-7245,CWE-22
CVE-2015-5688,CWE-22
CVE-2015-5531,CWE-22
CVE-2015-5471,CWE-22
CVE-2015-5469,CWE-22
CVE-2015-4694,CWE-22
CVE-2015-4666,CWE-22
CVE-2015-4632,CWE-22
CVE-2015-4414,CWE-22
CVE-2015-4074,CWE-22
CVE-2015-3897,CWE-22
CVE-2015-3648,CWE-22
CVE-2015-3337,CWE-22
CVE-2015-2996,CWE-22
CVE-2015-2166,CWE-22
CVE-2015-2067,CWE-22
CVE-2015-1579,CWE-22
CVE-2015-1503,CWE-22
CVE-2015-1000005,CWE-22
CVE-2014-9609,CWE-22
CVE-2014-9119,CWE-22
CVE-2014-8799,CWE-22
CVE-2014-8676,CWE-22
CVE-2014-6308,CWE-22
CVE-2014-5368,CWE-22
CVE-2014-5258,CWE-22
CVE-2014-5187,CWE-22
CVE-2014-5181,CWE-22
CVE-2014-5111,CWE-22
CVE-2014-4941,CWE-22
CVE-2014-4940,CWE-22
CVE-2014-4577,CWE-22
CVE-2014-3744,CWE-22
CVE-2014-10037,CWE-22
CVE-2013-7240,CWE-22
CVE-2013-7091,CWE-22
CVE-2013-5979,CWE-22
CVE-2013-5528,CWE-22
CVE-2012-4940,CWE-22
CVE-2012-4878,CWE-22
CVE-2012-4253,CWE-22
CVE-2012-1226,CWE-22
CVE-2012-0996,CWE-22
CVE-2012-0991,CWE-22
CVE-2012-0981,CWE-22
CVE-2012-0896,CWE-22
CVE-2011-4804,CWE-22
CVE-2011-4640,CWE-22
CVE-2011-3315,CWE-22
CVE-2011-2780,CWE-22
CVE-2011-2744,CWE-22
CVE-2011-1669,CWE-22
CVE-2011-0049,CWE-22
CVE-2010-5286,CWE-22
CVE-2010-5278,CWE-22
CVE-2010-4769,CWE-22
CVE-2010-4719,CWE-22
CVE-2010-4617,CWE-22
CVE-2010-4282,CWE-22
CVE-2010-3426,CWE-22
CVE-2010-3203,CWE-22
CVE-2010-2920,CWE-22
CVE-2010-2861,CWE-22
CVE-2010-2857,CWE-22
CVE-2010-2682,CWE-22
CVE-2010-2680,CWE-22
CVE-2010-2507,CWE-22
CVE-2010-2259,CWE-22
CVE-2010-2128,CWE-22
CVE-2010-2122,CWE-22
CVE-2010-2050,CWE-22
CVE-2010-2045,CWE-22
CVE-2010-2037,CWE-22
CVE-2010-2036,CWE-22
CVE-2010-2035,CWE-22
CVE-2010-2034,CWE-22
CVE-2010-2033,CWE-22
CVE-2010-2018,CWE-22
CVE-2010-1983,CWE-22
CVE-2010-1982,CWE-22
CVE-2010-1981,CWE-22
CVE-2010-1980,CWE-22
CVE-2010-1979,CWE-22
CVE-2010-1977,CWE-22
CVE-2010-1957,CWE-22
CVE-2010-1956,CWE-22
CVE-2010-1955,CWE-22
CVE-2010-1954,CWE-22
CVE-2010-1953,CWE-22
CVE-2010-1952,CWE-22
CVE-2010-1878,CWE-22
CVE-2010-1875,CWE-22
CVE-2010-1858,CWE-22
CVE-2010-1723,CWE-22
CVE-2010-1722,CWE-22
CVE-2010-1719,CWE-22
CVE-2010-1718,CWE-22
CVE-2010-1717,CWE-22
CVE-2010-1715,CWE-22
CVE-2010-1714,CWE-22
CVE-2010-1659,CWE-22
CVE-2010-1658,CWE-22
CVE-2010-1657,CWE-22
CVE-2010-1653,CWE-22
CVE-2010-1607,CWE-22
CVE-2010-1603,CWE-22
CVE-2010-1602,CWE-22
CVE-2010-1601,CWE-22
CVE-2010-1540,CWE-22
CVE-2010-1535,CWE-22
CVE-2010-1534,CWE-22
CVE-2010-1533,CWE-22
CVE-2010-1532,CWE-22
CVE-2010-1531,CWE-22
CVE-2010-1495,CWE-22
CVE-2010-1494,CWE-22
CVE-2010-1491,CWE-22
CVE-2010-1478,CWE-22
CVE-2010-1476,CWE-22
CVE-2010-1475,CWE-22
CVE-2010-1474,CWE-22
CVE-2010-1473,CWE-22
CVE-2010-1472,CWE-22
CVE-2010-1471,CWE-22
CVE-2010-1470,CWE-22
CVE-2010-1469,CWE-22
CVE-2010-1461,CWE-22
CVE-2010-1354,CWE-22
CVE-2010-1353,CWE-22
CVE-2010-1352,CWE-22
CVE-2010-1345,CWE-22
CVE-2010-1340,CWE-22
CVE-2010-1315,CWE-22
CVE-2010-1314,CWE-22
CVE-2010-1313,CWE-22
CVE-2010-1312,CWE-22
CVE-2010-1308,CWE-22
CVE-2010-1307,CWE-22
CVE-2010-1306,CWE-22
CVE-2010-1305,CWE-22
CVE-2010-1304,CWE-22
CVE-2010-1302,CWE-22
CVE-2010-1219,CWE-22
CVE-2010-1217,CWE-22
CVE-2010-1081,CWE-22
CVE-2010-1056,CWE-22
CVE-2010-0985,CWE-22
CVE-2010-0982,CWE-22
CVE-2010-0972,CWE-22
CVE-2010-0944,CWE-22
CVE-2010-0943,CWE-22
CVE-2010-0942,CWE-22
CVE-2010-0759,CWE-22
CVE-2010-0696,CWE-22
CVE-2010-0467,CWE-22
CVE-2010-0157,CWE-22
CVE-2009-5114,CWE-22
CVE-2009-4679,CWE-22
CVE-2009-4202,CWE-22
CVE-2009-3318,CWE-22
CVE-2009-3053,CWE-22
CVE-2009-2100,CWE-22
CVE-2009-2015,CWE-22
CVE-2009-1496,CWE-22
CVE-2009-0932,CWE-22
CVE-2008-6668,CWE-22
CVE-2008-6222,CWE-22
CVE-2008-6172,CWE-22
CVE-2008-6080,CWE-22
CVE-2008-5587,CWE-22
CVE-2008-4764,CWE-22
CVE-2008-4668,CWE-22
CVE-2008-2650,CWE-22
CVE-2007-4504,CWE-22
CVE-2006-2842,CWE-22
CVE-2025-47813,CWE-209
CVE-2024-45440,CWE-209
CVE-2024-44762,CWE-209
CVE-2024-29059,CWE-209
CVE-2023-27587,CWE-209
CVE-2022-0660,CWE-209
CVE-2021-22145,CWE-209
CVE-2024-54767,CWE-203
CVE-2021-44848,CWE-203
CVE-2020-28208,CWE-203
CVE-2024-37881,CWE-201;CWE-601
CVE-2024-6586,CWE-201
CVE-2021-34429,CWE-200
CVE-2021-28169,CWE-200
CVE-2023-50290,CWE-200
CVE-2023-4168,CWE-200
CVE-2023-28432,CWE-200
CVE-2021-39211,CWE-200
CVE-2021-32819,CWE-200
CVE-2018-3760,CWE-200;CWE-22
CVE-2025-9196,CWE-200
CVE-2025-53624,CWE-200
CVE-2025-52488,CWE-200
CVE-2025-50738,CWE-200
CVE-2025-3415,CWE-200
CVE-2025-31125,CWE-200
CVE-2025-25037,CWE-200
CVE-2025-1595,CWE-200
CVE-2024-6842,CWE-200
CVE-2024-6646,CWE-200
CVE-2024-57045,CWE-200
CVE-2024-53991,CWE-200
CVE-2024-5230,CWE-200
CVE-2024-51739,CWE-200
CVE-2024-50967,CWE-200
CVE-2024-46938,CWE-200
CVE-2024-3656,CWE-200
CVE-2024-33575,CWE-200
CVE-2024-32870,CWE-200
CVE-2024-3274,CWE-200
CVE-2024-30269,CWE-200
CVE-2024-24919,CWE-200
CVE-2024-2473,CWE-200
CVE-2024-21136,CWE-200
CVE-2024-0305,CWE-200
CVE-2023-6421,CWE-200
CVE-2023-5561,CWE-200
CVE-2023-50720,CWE-200
CVE-2023-49103,CWE-200
CVE-2023-47643,CWE-200
CVE-2023-4714,CWE-200
CVE-2023-47117,CWE-200
CVE-2023-39677,CWE-200
CVE-2023-3345,CWE-200
CVE-2023-1263,CWE-200
CVE-2022-45354,CWE-200
CVE-2022-36537,CWE-200
CVE-2022-34534,CWE-200
CVE-2022-31711,CWE-200
CVE-2022-27849,CWE-200
CVE-2022-2462,CWE-200
CVE-2022-23779,CWE-200
CVE-2022-22733,CWE-200
CVE-2022-1595,CWE-200
CVE-2022-0281,CWE-200
CVE-2021-43287,CWE-200
CVE-2021-25118,CWE-200
CVE-2021-24227,CWE-200
CVE-2021-24226,CWE-200
CVE-2021-24170,CWE-200
CVE-2020-9043,CWE-200
CVE-2020-36723,CWE-200
CVE-2020-26413,CWE-200
CVE-2020-24285,CWE-200
CVE-2020-2103,CWE-200
CVE-2020-14181,CWE-200
CVE-2018-8770,CWE-200
CVE-2018-8033,CWE-200
CVE-2018-7662,CWE-200
CVE-2018-7251,CWE-200
CVE-2018-6008,CWE-200
CVE-2018-20608,CWE-200
CVE-2018-18778,CWE-200
CVE-2018-16288,CWE-200
CVE-2018-12634,CWE-200
CVE-2018-11409,CWE-200
CVE-2018-1000600,CWE-200
CVE-2017-20194,CWE-200
CVE-2017-16894,CWE-200
CVE-2017-11165,CWE-200
CVE-2017-1000029,CWE-200
CVE-2015-8399,CWE-200
CVE-2015-2080,CWE-200
CVE-2015-1000012,CWE-200
CVE-2014-4942,CWE-200
CVE-2014-2383,CWE-200
CVE-2005-2428,CWE-200
cisco-ios-xe-panel,CWE-200
CVE-2025-54123,CWE-20;CWE-78
CVE-2024-7340,CWE-20;CWE-22
CVE-2023-22952,CWE-20;CWE-94
CVE-2018-1273,CWE-20;CWE-94
CVE-2021-44228,CWE-20;CWE-917
CVE-2024-3400,CWE-20;CWE-77
CVE-2025-49132,CWE-20
CVE-2024-5276,CWE-20
CVE-2024-48914,CWE-20
CVE-2024-45388,CWE-20
CVE-2024-30188,CWE-20
CVE-2024-22476,CWE-20
CVE-2023-41266,CWE-20
CVE-2023-22515,CWE-20
CVE-2022-47966,CWE-20
CVE-2022-27228,CWE-20
CVE-2022-24086,CWE-20
gitlab-rce,CWE-20
CVE-2021-21985,CWE-20
CVE-2021-21978,CWE-20
CVE-2019-1821,CWE-20
CVE-2018-7600,CWE-20
CVE-2018-25031,CWE-20
CVE-2022-3481,CWE-20
CVE-2018-20985,CWE-20
CVE-2018-11776,CWE-20
CVE-2018-11686,CWE-20
CVE-2018-11222,CWE-20
CVE-2018-1000533,CWE-20
CVE-2017-9822,CWE-20
CVE-2017-9791,CWE-20
CVE-2017-8046,CWE-20
CVE-2017-5638,CWE-20
CVE-2017-18349,CWE-20
CVE-2017-17562,CWE-20
CVE-2017-15715,CWE-20
CVE-2017-12611,CWE-20
CVE-2016-5674,CWE-20
CVE-2016-3088,CWE-20
CVE-2016-10960,CWE-20
CVE-2016-10956,CWE-20
CVE-2015-9415,CWE-20
CVE-2015-8562,CWE-20
CVE-2014-3206,CWE-20
CVE-2013-2251,CWE-20
CVE-2013-2248,CWE-20
CVE-2012-6499,CWE-20
CVE-2012-5321,CWE-20
CVE-2012-4982,CWE-20
CVE-2012-4032,CWE-20
CVE-2012-1823,CWE-20
CVE-2011-5252,CWE-20
CVE-2010-4239,CWE-20
CVE-2010-1586,CWE-20
CVE-2009-5020,CWE-20
CVE-2009-0545,CWE-20
CVE-2008-7269,CWE-20
CVE-2007-3010,CWE-20
CVE-2016-8706,CWE-190
CVE-2016-4977,CWE-19
CVE-2024-5217,CWE-184;CWE-697
CVE-2021-24347,CWE-178
CVE-2018-9845,CWE-178
CVE-2025-47812,CWE-158
CVE-2023-43323,CWE-15
CVE-2025-26793,CWE-1393
CVE-2025-53558,CWE-1391
CVE-2024-51978,CWE-1391
CVE-2025-34300,CWE-1336;CWE-20
CVE-2025-53833,CWE-1336
CVE-2025-47916,CWE-1336
CVE-2024-32651,CWE-1336
CVE-2024-23692,CWE-1336
CVE-2024-47176,CWE-1327
CVE-2022-0432,CWE-1321
CVE-2021-20086,CWE-1321
CVE-2019-0230,CWE-1321
CVE-2024-4879,CWE-1287
CVE-2025-5777,CWE-125;CWE-457;CWE-908
CVE-2023-6549,CWE-125
CVE-2025-0282,CWE-121;CWE-787
CVE-2020-11984,CWE-120
CVE-2023-4966,CWE-119
CVE-2018-10088,CWE-119
CVE-2017-7269,CWE-119
CVE-2025-2129,CWE-1188
CVE-2024-22207,CWE-1188
CVE-2023-29922,CWE-1188
CVE-2023-27524,CWE-1188
CVE-2022-25568,CWE-1188
CVE-2021-41192,CWE-1188
CVE-2021-35336,CWE-1188
CVE-2020-13927,CWE-1188
CVE-2024-38473,CWE-116
CVE-2024-38475,CWE-116
CVE-2022-36446,CWE-116
CVE-2022-24682,CWE-116
CVE-2022-0220,CWE-116
CVE-2021-38751,CWE-116
CVE-2018-16979,CWE-113
CVE-2023-1362,CWE-1021
CVE-2025-27223,CWE-1004
CVE-2025-8085,CWE-918
CVE-2025-32101,CWE-502
CVE-2024-7786,CWE-200
CVE-2024-6846,CWE-306
CVE-2024-6420,CWE-200
CVE-2024-46507,CWE-94
CVE-2024-4620,CWE-94
CVE-2024-45488,CWE-287
CVE-2024-38526,CWE-94
CVE-2024-3673,CWE-98
CVE-2024-33724,CWE-79
CVE-2024-33288,CWE-89
CVE-2024-3136,CWE-98
CVE-2024-2876,CWE-89
CVE-2024-2340,CWE-200
CVE-2024-23167,CWE-79
CVE-2024-12760,CWE-601
CVE-2024-1209,CWE-200
CVE-2024-1208,CWE-200
CVE-2024-1210,CWE-200
CVE-2024-11972,CWE-284
CVE-2023-6553,CWE-94
CVE-2023-6505,CWE-200
CVE-2023-6444,CWE-200
CVE-2023-6065,CWE-200
CVE-2023-5559,CWE-285
CVE-2023-5089,CWE-287
CVE-2023-5003,CWE-200
CVE-2023-4666,CWE-434
CVE-2023-4521,CWE-94
CVE-2023-43472,CWE-200
CVE-2023-42344,CWE-611
CVE-2023-42343,CWE-79
CVE-2023-39024,CWE-552
CVE-2023-38646,CWE-94
CVE-2023-31478,CWE-200
CVE-2023-31465,CWE-94
CVE-2023-3077,CWE-89
CVE-2023-2624,CWE-79
CVE-2023-2309,CWE-79
CVE-2023-0159,CWE-94
CVE-2022-48164,CWE-200
CVE-2022-47075,CWE-200
CVE-2022-38322,CWE-79
CVE-2022-34576,CWE-284
CVE-2022-32430,CWE-522
CVE-2022-29301,CWE-79
CVE-2022-29299,CWE-79
CVE-2022-25226,CWE-287
CVE-2022-21500,CWE-287
CVE-2021-46419,CWE-20
CVE-2021-46418,CWE-20
CVE-2021-44910,CWE-200
CVE-2021-4380,CWE-285
CVE-2021-41349,CWE-79
CVE-2021-39433,CWE-98
CVE-2021-33558,CWE-200
CVE-2021-3129,CWE-94
CVE-2021-28854,CWE-200
CVE-2021-27748,CWE-918
CVE-2021-26292,CWE-552
CVE-2020-7209,CWE-94
CVE-2020-36728,CWE-434
CVE-2020-36705,CWE-434
CVE-2020-29279,CWE-98
CVE-2020-29227,CWE-98
CVE-2020-28653,CWE-502
CVE-2020-28185,CWE-203
CVE-2020-2733,CWE-200
CVE-2020-2551,CWE-94
CVE-2020-25078,CWE-200
CVE-2020-24391,CWE-94
CVE-2020-19625,CWE-94
CVE-2020-15867,CWE-94
CVE-2020-14883,CWE-94
CVE-2020-14882,CWE-94
CVE-2020-14750,CWE-94
CVE-2020-14179,CWE-200
CVE-2020-11853,CWE-94
CVE-2020-11710,CWE-284
CVE-2020-11450,CWE-200
CVE-2019-9733,CWE-287
CVE-2019-9632,CWE-552
CVE-2019-8442,CWE-98
CVE-2019-7276,CWE-94
CVE-2019-7238,CWE-94
CVE-2019-6715,CWE-22
CVE-2019-6703,CWE-285
CVE-2019-2767,CWE-611
CVE-2019-2616,CWE-611
CVE-2019-2588,CWE-22
CVE-2019-2579,CWE-89
CVE-2019-2578,CWE-284
CVE-2019-25152,CWE-79
CVE-2019-17230,CWE-285
CVE-2019-11580,CWE-94
CVE-2018-9995,CWE-287
CVE-2018-3238,CWE-79
CVE-2018-3167,CWE-918
CVE-2018-2894,CWE-94
CVE-2018-2791,CWE-79
CVE-2018-20062,CWE-94
CVE-2019-1003000,CWE-265
CVE-2018-19410,CWE-98
CVE-2018-1335,CWE-77
CVE-2017-12542,CWE-287
CVE-2017-10075,CWE-79
CVE-2016-8735,CWE-94
CVE-2016-0957,CWE-285
CVE-2000-0760,CWE-200
CVE-2000-0114,CWE-200
cmdi-blind-oast-polyglot,CWE-78
python-code-injection,CWE-78
cmdi-ruby-open-rce,CWE-78
cookie-injection,CWE-93
crlf-injection,CWE-93
angular-client-side-template-injection,CWE-1336
csv-injection,CWE-1236
xinclude-injection,CWE-611
lfi-keyed,CWE-98
linux-lfi-fuzz,CWE-98
windows-lfi-fuzz,CWE-98
open-redirect-bypass,CWE-601
open-redirect,CWE-601
generic-rfi,CWE-98
sqli-error-based,CWE-89
blind-ssrf,CWE-918
response-ssrf,CWE-918
freemarker-sandbox-bypass-ssti,CWE-1336
blade-oob,CWE-1336
bottle-oob,CWE-1336
chameleon-oob,CWE-1336
codepen-oob,CWE-1336
dotjs-oob,CWE-1336
ejs-underscore-oob,CWE-1336
erb-erubi-erubis-oob,CWE-1336
freemarker-oob,CWE-1336
groovy-oob,CWE-1336
jinja2-oob,CWE-1336
jinjava-ssti,CWE-1336
latte-oob,CWE-1336
mako-oob,CWE-1336
pebble-oob,CWE-1336
pugjs-oob,CWE-1336
spring-expression-oob,CWE-1336
thymeleaf-oob,CWE-1336
tornado-oob,CWE-1336
velocityjs-oob,CWE-1336
razor-ssti,CWE-1336
reflection-ssti,CWE-1336
smarty-ssti,CWE-1336
twig-ssti,CWE-1336
dom-xss,CWE-79
reflected-xss,CWE-79
generic-xxe,CWE-611
cookie-consent-detection,CWE-200
dvwa-headless-automatic-login,CWE-287
postmessage-outgoing-tracker,CWE-441
postmessage-tracker,CWE-441
prototype-pollution-check,CWE-1321
js-libraries-detect,CWE-1104
sap-spartacus,CWE-200
retool-dom-xss,CWE-79
webpack-sourcemap,CWE-200
cookies-without-httponly,CWE-1004
cookies-without-secure,CWE-614
https-to-http-redirect,CWE-601
portal-api-ssrf,CWE-918
servicenow-title-injection,CWE-79
dbgate-unauth-rce,CWE-94
gradio-lfi,CWE-98
gradio-ssrf,CWE-918
next-js-cache-poisoning,CWE-1021
wp-user-enum,CWE-203
deprecated-tls,CWE-327
ssl-issuer,CWE-295
expired-ssl,CWE-295
insecure-cipher-suite-detect,CWE-326
mismatched-ssl-certificate,CWE-297
revoked-ssl-certificate,CWE-295
self-signed-ssl,CWE-295
ssl-dns-names,CWE-297
tls-version,CWE-326
untrusted-root-certificate,CWE-295
weak-cipher-suites,CWE-326
wildcard-tls,CWE-331
